system:index,NDVI,date,month,sensor,site_key,site_label,source,year,.geo
2_0,0.5883332528726419,2016-01-15,1,Sentinel2_SR_Harmonized_10m,MNG_Bhitarkanika,Mangrove | Bhitarkanika NP (Odisha),Sentinel2,2016,"{""type"":""MultiPoint"",""coordinates"":[]}"
1_2_0,0.5916044747725393,2016-01-15,1,MODIS_MOD13Q1_250m,MNG_Sundarbans,Mangrove | Sundarbans - Sajnekhali (West Bengal),MODIS,2016,"{""type"":""MultiPoint"",""coordinates"":[]}"
1_1_1_0,0.004487275693311582,2016-01-15,1,MODIS_MOD13Q1_250m,MTF_Kedarnath,Montane Temperate | Kedarnath WS - Oak Belt (Uttarakhand),MODIS,2016,"{""type"":""MultiPoint"",""coordinates"":[]}"
2_1,0.649039032869785,2016-02-15,2,MODIS_MOD13Q1_250m,MNG_Bhitarkanika,Mangrove | Bhitarkanika NP (Odisha),MODIS,2016,"{""type"":""MultiPoint"",""coordinates"":[]}"
2_2,0.6563426991150443,2016-03-15,3,MODIS_MOD13Q1_250m,MNG_Bhitarkanika,Mangrove | Bhitarkanika NP (Odisha),MODIS,2016,"{""type"":""MultiPoint"",""coordinates"":[]}"
1_2_2,0.4371216439225642,2016-03-15,3,MODIS_MOD13Q1_250m,MNG_Sundarbans,Mangrove | Sundarbans - Sajnekhali (West Bengal),MODIS,2016,"{""type"":""MultiPoint"",""coordinates"":[]}"
1_1_1_2,-0.013097939958592132,2016-03-15,3,MODIS_MOD13Q1_250m,MTF_Kedarnath,Montane Temperate | Kedarnath WS - Oak Belt (Uttarakhand),MODIS,2016,"{""type"":""MultiPoint"",""coordinates"":[]}"
2_3,0.6286734829329962,2016-04-15,4,MODIS_MOD13Q1_250m,MNG_Bhitarkanika,Mangrove | Bhitarkanika NP (Odisha),MODIS,2016,"{""type"":""MultiPoint"",""coordinates"":[]}"
1_2_3,0.42678013329101866,2016-04-15,4,MODIS_MOD13Q1_250m,MNG_Sundarbans,Mangrove | Sundarbans - Sajnekhali (West Bengal),MODIS,2016,"{""type"":""MultiPoint"",""coordinates"":[]}"
1_1_2_3,0.0723,2016-04-15,4,MODIS_MOD13Q1_250m,MTF_GreatHimal,Montane Temperate | Great Himalayan NP (Himachal Pradesh),MODIS,2016,"{""type"":""MultiPoint"",""coordinates"":[]}"
1_1_1_3,0.13202048057212284,2016-04-15,4,MODIS_MOD13Q1_250m,MTF_Kedarnath,Montane Temperate | Kedarnath WS - Oak Belt (Uttarakhand),MODIS,2016,"{""type"":""MultiPoint"",""coordinates"":[]}"
2_4,0.648573198482933,2016-05-15,5,MODIS_MOD13Q1_250m,MNG_Bhitarkanika,Mangrove | Bhitarkanika NP (Odisha),MODIS,2016,"{""type"":""MultiPoint"",""coordinates"":[]}"
1_2_4,0.5680065594059407,2016-05-15,5,MODIS_MOD13Q1_250m,MNG_Sundarbans,Mangrove | Sundarbans - Sajnekhali (West Bengal),MODIS,2016,"{""type"":""MultiPoint"",""coordinates"":[]}"
1_1_2_4,0.06438301333068047,2016-05-15,5,MODIS_MOD13Q1_250m,MTF_GreatHimal,Montane Temperate | Great Himalayan NP (Himachal Pradesh),MODIS,2016,"{""type"":""MultiPoint"",""coordinates"":[]}"
1_1_1_4,0.4715418847148184,2016-05-15,5,MODIS_MOD13Q1_250m,MTF_Kedarnath,Montane Temperate | Kedarnath WS - Oak Belt (Uttarakhand),MODIS,2016,"{""type"":""MultiPoint"",""coordinates"":[]}"
2_5,0.7035429835651075,2016-06-15,6,MODIS_MOD13Q1_250m,MNG_Bhitarkanika,Mangrove | Bhitarkanika NP (Odisha),MODIS,2016,"{""type"":""MultiPoint"",""coordinates"":[]}"
1_1_2_5,0.2442340571601464,2016-06-15,6,MODIS_MOD13Q1_250m,MTF_GreatHimal,Montane Temperate | Great Himalayan NP (Himachal Pradesh),MODIS,2016,"{""type"":""MultiPoint"",""coordinates"":[]}"
1_1_1_5,0.6258380082880342,2016-06-15,6,MODIS_MOD13Q1_250m,MTF_Kedarnath,Montane Temperate | Kedarnath WS - Oak Belt (Uttarakhand),MODIS,2016,"{""type"":""MultiPoint"",""coordinates"":[]}"
2_6,0.8140255924170616,2016-07-15,7,MODIS_MOD13Q1_250m,MNG_Bhitarkanika,Mangrove | Bhitarkanika NP (Odisha),MODIS,2016,"{""type"":""MultiPoint"",""coordinates"":[]}"
1_2_6,0.5974797427652735,2016-07-15,7,MODIS_MOD13Q1_250m,MNG_Sundarbans,Mangrove | Sundarbans - Sajnekhali (West Bengal),MODIS,2016,"{""type"":""MultiPoint"",""coordinates"":[]}"
1_1_1_6,0.4728547826086956,2016-07-15,7,MODIS_MOD13Q1_250m,MTF_Kedarnath,Montane Temperate | Kedarnath WS - Oak Belt (Uttarakhand),MODIS,2016,"{""type"":""MultiPoint"",""coordinates"":[]}"
1_1_2_7,0.6222391125198099,2016-08-15,8,MODIS_MOD13Q1_250m,MTF_GreatHimal,Montane Temperate | Great Himalayan NP (Himachal Pradesh),MODIS,2016,"{""type"":""MultiPoint"",""coordinates"":[]}"
1_1_1_7,0.4756208574228319,2016-08-15,8,MODIS_MOD13Q1_250m,MTF_Kedarnath,Montane Temperate | Kedarnath WS - Oak Belt (Uttarakhand),MODIS,2016,"{""type"":""MultiPoint"",""coordinates"":[]}"
2_8,0.809466479798216,2016-09-15,9,MODIS_MOD13Q1_250m,MNG_Bhitarkanika,Mangrove | Bhitarkanika NP (Odisha),MODIS,2016,"{""type"":""MultiPoint"",""coordinates"":[]}"
1_2_8,0.6011205223880598,2016-09-15,9,MODIS_MOD13Q1_250m,MNG_Sundarbans,Mangrove | Sundarbans - Sajnekhali (West Bengal),MODIS,2016,"{""type"":""MultiPoint"",""coordinates"":[]}"
1_1_2_8,0.418505090975286,2016-09-15,9,MODIS_MOD13Q1_250m,MTF_GreatHimal,Montane Temperate | Great Himalayan NP (Himachal Pradesh),MODIS,2016,"{""type"":""MultiPoint"",""coordinates"":[]}"
1_1_1_8,0.5785865707629587,2016-09-15,9,MODIS_MOD13Q1_250m,MTF_Kedarnath,Montane Temperate | Kedarnath WS - Oak Belt (Uttarakhand),MODIS,2016,"{""type"":""MultiPoint"",""coordinates"":[]}"
2_9,0.8008561584262527,2016-10-15,10,MODIS_MOD13Q1_250m,MNG_Bhitarkanika,Mangrove | Bhitarkanika NP (Odisha),MODIS,2016,"{""type"":""MultiPoint"",""coordinates"":[]}"
1_2_9,0.47100152587622857,2016-10-15,10,MODIS_MOD13Q1_250m,MNG_Sundarbans,Mangrove | Sundarbans - Sajnekhali (West Bengal),MODIS,2016,"{""type"":""MultiPoint"",""coordinates"":[]}"
1_1_2_9,0.29256158644396846,2016-10-15,10,MODIS_MOD13Q1_250m,MTF_GreatHimal,Montane Temperate | Great Himalayan NP (Himachal Pradesh),MODIS,2016,"{""type"":""MultiPoint"",""coordinates"":[]}"
1_1_1_9,0.37015207234733183,2016-10-15,10,MODIS_MOD13Q1_250m,MTF_Kedarnath,Montane Temperate | Kedarnath WS - Oak Belt (Uttarakhand),MODIS,2016,"{""type"":""MultiPoint"",""coordinates"":[]}"
2_10,0.7134868562401264,2016-11-15,11,MODIS_MOD13Q1_250m,MNG_Bhitarkanika,Mangrove | Bhitarkanika NP (Odisha),MODIS,2016,"{""type"":""MultiPoint"",""coordinates"":[]}"
1_2_10,0.4736496684559519,2016-11-15,11,MODIS_MOD13Q1_250m,MNG_Sundarbans,Mangrove | Sundarbans - Sajnekhali (West Bengal),MODIS,2016,"{""type"":""MultiPoint"",""coordinates"":[]}"
1_1_2_10,0.28104487989886223,2016-11-15,11,MODIS_MOD13Q1_250m,MTF_GreatHimal,Montane Temperate | Great Himalayan NP (Himachal Pradesh),MODIS,2016,"{""type"":""MultiPoint"",""coordinates"":[]}"
1_1_1_10,0.24520202256714718,2016-11-15,11,Sentinel2_SR_Harmonized_10m,MTF_Kedarnath,Montane Temperate | Kedarnath WS - Oak Belt (Uttarakhand),Sentinel2,2016,"{""type"":""MultiPoint"",""coordinates"":[]}"
2_11,0.6894939952957697,2016-12-15,12,Sentinel2_SR_Harmonized_10m,MNG_Bhitarkanika,Mangrove | Bhitarkanika NP (Odisha),Sentinel2,2016,"{""type"":""MultiPoint"",""coordinates"":[]}"
1_2_11,0.24852553289483328,2016-12-15,12,Sentinel2_SR_Harmonized_10m,MNG_Sundarbans,Mangrove | Sundarbans - Sajnekhali (West Bengal),Sentinel2,2016,"{""type"":""MultiPoint"",""coordinates"":[]}"
1_1_2_11,0.2730405943724312,2016-12-15,12,MODIS_MOD13Q1_250m,MTF_GreatHimal,Montane Temperate | Great Himalayan NP (Himachal Pradesh),MODIS,2016,"{""type"":""MultiPoint"",""coordinates"":[]}"
1_1_1_11,0.2316040142614949,2016-12-15,12,Sentinel2_SR_Harmonized_10m,MTF_Kedarnath,Montane Temperate | Kedarnath WS - Oak Belt (Uttarakhand),Sentinel2,2016,"{""type"":""MultiPoint"",""coordinates"":[]}"
2_12,0.7381240284360191,2017-01-15,1,MODIS_MOD13Q1_250m,MNG_Bhitarkanika,Mangrove | Bhitarkanika NP (Odisha),MODIS,2017,"{""type"":""MultiPoint"",""coordinates"":[]}"
1_2_12,0.6443974495999683,2017-01-15,1,MODIS_MOD13Q1_250m,MNG_Sundarbans,Mangrove | Sundarbans - Sajnekhali (West Bengal),MODIS,2017,"{""type"":""MultiPoint"",""coordinates"":[]}"
2_13,0.6685578601416214,2017-02-15,2,Sentinel2_SR_Harmonized_10m,MNG_Bhitarkanika,Mangrove | Bhitarkanika NP (Odisha),Sentinel2,2017,"{""type"":""MultiPoint"",""coordinates"":[]}"
1_2_13,0.5167597905426848,2017-02-15,2,MODIS_MOD13Q1_250m,MNG_Sundarbans,Mangrove | Sundarbans - Sajnekhali (West Bengal),MODIS,2017,"{""type"":""MultiPoint"",""coordinates"":[]}"
2_14,0.7056408659924147,2017-03-15,3,MODIS_MOD13Q1_250m,MNG_Bhitarkanika,Mangrove | Bhitarkanika NP (Odisha),MODIS,2017,"{""type"":""MultiPoint"",""coordinates"":[]}"
1_2_14,0.48457050142811803,2017-03-15,3,MODIS_MOD13Q1_250m,MNG_Sundarbans,Mangrove | Sundarbans - Sajnekhali (West Bengal),MODIS,2017,"{""type"":""MultiPoint"",""coordinates"":[]}"
1_1_1_14,0.005058614864864865,2017-03-15,3,MODIS_MOD13Q1_250m,MTF_Kedarnath,Montane Temperate | Kedarnath WS - Oak Belt (Uttarakhand),MODIS,2017,"{""type"":""MultiPoint"",""coordinates"":[]}"
2_15,0.6665202275600506,2017-04-15,4,MODIS_MOD13Q1_250m,MNG_Bhitarkanika,Mangrove | Bhitarkanika NP (Odisha),MODIS,2017,"{""type"":""MultiPoint"",""coordinates"":[]}"
1_2_15,0.4173979054268486,2017-04-15,4,MODIS_MOD13Q1_250m,MNG_Sundarbans,Mangrove | Sundarbans - Sajnekhali (West Bengal),MODIS,2017,"{""type"":""MultiPoint"",""coordinates"":[]}"
1_1_2_15,0.05191031746031747,2017-04-15,4,MODIS_MOD13Q1_250m,MTF_GreatHimal,Montane Temperate | Great Himalayan NP (Himachal Pradesh),MODIS,2017,"{""type"":""MultiPoint"",""coordinates"":[]}"
1_1_1_15,0.1868113771386835,2017-04-15,4,MODIS_MOD13Q1_250m,MTF_Kedarnath,Montane Temperate | Kedarnath WS - Oak Belt (Uttarakhand),MODIS,2017,"{""type"":""MultiPoint"",""coordinates"":[]}"
2_16,0.6108018015170671,2017-05-15,5,MODIS_MOD13Q1_250m,MNG_Bhitarkanika,Mangrove | Bhitarkanika NP (Odisha),MODIS,2017,"{""type"":""MultiPoint"",""coordinates"":[]}"
1_2_16,0.39969447794351,2017-05-15,5,MODIS_MOD13Q1_250m,MNG_Sundarbans,Mangrove | Sundarbans - Sajnekhali (West Bengal),MODIS,2017,"{""type"":""MultiPoint"",""coordinates"":[]}"
1_1_2_16,0.09920617330917875,2017-05-15,5,MODIS_MOD13Q1_250m,MTF_GreatHimal,Montane Temperate | Great Himalayan NP (Himachal Pradesh),MODIS,2017,"{""type"":""MultiPoint"",""coordinates"":[]}"
1_1_1_16,0.5356865343472926,2017-05-15,5,MODIS_MOD13Q1_250m,MTF_Kedarnath,Montane Temperate | Kedarnath WS - Oak Belt (Uttarakhand),MODIS,2017,"{""type"":""MultiPoint"",""coordinates"":[]}"
1_1_2_17,0.2297957427937916,2017-06-15,6,MODIS_MOD13Q1_250m,MTF_GreatHimal,Montane Temperate | Great Himalayan NP (Himachal Pradesh),MODIS,2017,"{""type"":""MultiPoint"",""coordinates"":[]}"
1_1_1_17,0.6377846821950257,2017-06-15,6,MODIS_MOD13Q1_250m,MTF_Kedarnath,Montane Temperate | Kedarnath WS - Oak Belt (Uttarakhand),MODIS,2017,"{""type"":""MultiPoint"",""coordinates"":[]}"
2_19,0.8245996515679442,2017-08-15,8,MODIS_MOD13Q1_250m,MNG_Bhitarkanika,Mangrove | Bhitarkanika NP (Odisha),MODIS,2017,"{""type"":""MultiPoint"",""coordinates"":[]}"
1_1_2_19,0.6396142090311006,2017-08-15,8,MODIS_MOD13Q1_250m,MTF_GreatHimal,Montane Temperate | Great Himalayan NP (Himachal Pradesh),MODIS,2017,"{""type"":""MultiPoint"",""coordinates"":[]}"
1_1_1_19,0.45753467197370246,2017-08-15,8,MODIS_MOD13Q1_250m,MTF_Kedarnath,Montane Temperate | Kedarnath WS - Oak Belt (Uttarakhand),MODIS,2017,"{""type"":""MultiPoint"",""coordinates"":[]}"
2_20,0.8010337209141202,2017-09-15,9,MODIS_MOD13Q1_250m,MNG_Bhitarkanika,Mangrove | Bhitarkanika NP (Odisha),MODIS,2017,"{""type"":""MultiPoint"",""coordinates"":[]}"
1_2_20,0.5192997838953651,2017-09-15,9,MODIS_MOD13Q1_250m,MNG_Sundarbans,Mangrove | Sundarbans - Sajnekhali (West Bengal),MODIS,2017,"{""type"":""MultiPoint"",""coordinates"":[]}"
1_1_2_20,0.40051333229872366,2017-09-15,9,MODIS_MOD13Q1_250m,MTF_GreatHimal,Montane Temperate | Great Himalayan NP (Himachal Pradesh),MODIS,2017,"{""type"":""MultiPoint"",""coordinates"":[]}"
1_1_1_20,0.5365907699589775,2017-09-15,9,MODIS_MOD13Q1_250m,MTF_Kedarnath,Montane Temperate | Kedarnath WS - Oak Belt (Uttarakhand),MODIS,2017,"{""type"":""MultiPoint"",""coordinates"":[]}"
2_21,0.76404706068268,2017-10-15,10,MODIS_MOD13Q1_250m,MNG_Bhitarkanika,Mangrove | Bhitarkanika NP (Odisha),MODIS,2017,"{""type"":""MultiPoint"",""coordinates"":[]}"
1_2_21,0.5446310695017454,2017-10-15,10,MODIS_MOD13Q1_250m,MNG_Sundarbans,Mangrove | Sundarbans - Sajnekhali (West Bengal),MODIS,2017,"{""type"":""MultiPoint"",""coordinates"":[]}"
1_1_2_21,0.30242041204437403,2017-10-15,10,MODIS_MOD13Q1_250m,MTF_GreatHimal,Montane Temperate | Great Himalayan NP (Himachal Pradesh),MODIS,2017,"{""type"":""MultiPoint"",""coordinates"":[]}"
1_1_1_21,0.43876295361312717,2017-10-15,10,MODIS_MOD13Q1_250m,MTF_Kedarnath,Montane Temperate | Kedarnath WS - Oak Belt (Uttarakhand),MODIS,2017,"{""type"":""MultiPoint"",""coordinates"":[]}"
2_22,0.817393385672158,2017-11-15,11,Sentinel2_SR_Harmonized_10m,MNG_Bhitarkanika,Mangrove | Bhitarkanika NP (Odisha),Sentinel2,2017,"{""type"":""MultiPoint"",""coordinates"":[]}"
1_2_22,0.5248791228412584,2017-11-15,11,MODIS_MOD13Q1_250m,MNG_Sundarbans,Mangrove | Sundarbans - Sajnekhali (West Bengal),MODIS,2017,"{""type"":""MultiPoint"",""coordinates"":[]}"
1_1_2_22,0.29072758996728465,2017-11-15,11,MODIS_MOD13Q1_250m,MTF_GreatHimal,Montane Temperate | Great Himalayan NP (Himachal Pradesh),MODIS,2017,"{""type"":""MultiPoint"",""coordinates"":[]}"
1_1_1_22,0.32480345373891006,2017-11-15,11,MODIS_MOD13Q1_250m,MTF_Kedarnath,Montane Temperate | Kedarnath WS - Oak Belt (Uttarakhand),MODIS,2017,"{""type"":""MultiPoint"",""coordinates"":[]}"
2_23,0.6830501860408483,2017-12-15,12,Sentinel2_SR_Harmonized_10m,MNG_Bhitarkanika,Mangrove | Bhitarkanika NP (Odisha),Sentinel2,2017,"{""type"":""MultiPoint"",""coordinates"":[]}"
1_2_23,0.4028164292497627,2017-12-15,12,MODIS_MOD13Q1_250m,MNG_Sundarbans,Mangrove | Sundarbans - Sajnekhali (West Bengal),MODIS,2017,"{""type"":""MultiPoint"",""coordinates"":[]}"
1_1_1_23,0.2269386990727097,2017-12-15,12,Sentinel2_SR_Harmonized_10m,MTF_Kedarnath,Montane Temperate | Kedarnath WS - Oak Belt (Uttarakhand),Sentinel2,2017,"{""type"":""MultiPoint"",""coordinates"":[]}"
2_24,0.6870293478390799,2018-01-15,1,Sentinel2_SR_Harmonized_10m,MNG_Bhitarkanika,Mangrove | Bhitarkanika NP (Odisha),Sentinel2,2018,"{""type"":""MultiPoint"",""coordinates"":[]}"
1_2_24,0.16756296462923434,2018-01-15,1,Sentinel2_SR_Harmonized_10m,MNG_Sundarbans,Mangrove | Sundarbans - Sajnekhali (West Bengal),Sentinel2,2018,"{""type"":""MultiPoint"",""coordinates"":[]}"
1_1_1_24,0.1601715879642215,2018-01-15,1,Sentinel2_SR_Harmonized_10m,MTF_Kedarnath,Montane Temperate | Kedarnath WS - Oak Belt (Uttarakhand),Sentinel2,2018,"{""type"":""MultiPoint"",""coordinates"":[]}"
2_25,0.7337281486502569,2018-02-15,2,Sentinel2_SR_Harmonized_10m,MNG_Bhitarkanika,Mangrove | Bhitarkanika NP (Odisha),Sentinel2,2018,"{""type"":""MultiPoint"",""coordinates"":[]}"
1_2_25,0.20794462234023464,2018-02-15,2,Sentinel2_SR_Harmonized_10m,MNG_Sundarbans,Mangrove | Sundarbans - Sajnekhali (West Bengal),Sentinel2,2018,"{""type"":""MultiPoint"",""coordinates"":[]}"
1_1_1_25,0.0064,2018-02-15,2,MODIS_MOD13Q1_250m,MTF_Kedarnath,Montane Temperate | Kedarnath WS - Oak Belt (Uttarakhand),MODIS,2018,"{""type"":""MultiPoint"",""coordinates"":[]}"
2_26,0.7017480691115572,2018-03-15,3,Sentinel2_SR_Harmonized_10m,MNG_Bhitarkanika,Mangrove | Bhitarkanika NP (Odisha),Sentinel2,2018,"{""type"":""MultiPoint"",""coordinates"":[]}"
1_2_26,0.40370844227216346,2018-03-15,3,MODIS_MOD13Q1_250m,MNG_Sundarbans,Mangrove | Sundarbans - Sajnekhali (West Bengal),MODIS,2018,"{""type"":""MultiPoint"",""coordinates"":[]}"
1_1_1_26,0.13104823191789486,2018-03-15,3,MODIS_MOD13Q1_250m,MTF_Kedarnath,Montane Temperate | Kedarnath WS - Oak Belt (Uttarakhand),MODIS,2018,"{""type"":""MultiPoint"",""coordinates"":[]}"
2_27,0.6734781605562579,2018-04-15,4,MODIS_MOD13Q1_250m,MNG_Bhitarkanika,Mangrove | Bhitarkanika NP (Odisha),MODIS,2018,"{""type"":""MultiPoint"",""coordinates"":[]}"
1_2_27,0.5653373663164576,2018-04-15,4,MODIS_MOD13Q1_250m,MNG_Sundarbans,Mangrove | Sundarbans - Sajnekhali (West Bengal),MODIS,2018,"{""type"":""MultiPoint"",""coordinates"":[]}"
1_1_2_27,0.06106913265306123,2018-04-15,4,MODIS_MOD13Q1_250m,MTF_GreatHimal,Montane Temperate | Great Himalayan NP (Himachal Pradesh),MODIS,2018,"{""type"":""MultiPoint"",""coordinates"":[]}"
1_1_1_27,0.2597943914473684,2018-04-15,4,MODIS_MOD13Q1_250m,MTF_Kedarnath,Montane Temperate | Kedarnath WS - Oak Belt (Uttarakhand),MODIS,2018,"{""type"":""MultiPoint"",""coordinates"":[]}"
2_28,0.5848486295828066,2018-05-15,5,MODIS_MOD13Q1_250m,MNG_Bhitarkanika,Mangrove | Bhitarkanika NP (Odisha),MODIS,2018,"{""type"":""MultiPoint"",""coordinates"":[]}"
1_2_28,0.5765129496402878,2018-05-15,5,MODIS_MOD13Q1_250m,MNG_Sundarbans,Mangrove | Sundarbans - Sajnekhali (West Bengal),MODIS,2018,"{""type"":""MultiPoint"",""coordinates"":[]}"
1_1_2_28,0.15809791545141738,2018-05-15,5,MODIS_MOD13Q1_250m,MTF_GreatHimal,Montane Temperate | Great Himalayan NP (Himachal Pradesh),MODIS,2018,"{""type"":""MultiPoint"",""coordinates"":[]}"
1_1_1_28,0.4230307172916077,2018-05-15,5,MODIS_MOD13Q1_250m,MTF_Kedarnath,Montane Temperate | Kedarnath WS - Oak Belt (Uttarakhand),MODIS,2018,"{""type"":""MultiPoint"",""coordinates"":[]}"
2_29,0.7150403603034134,2018-06-15,6,MODIS_MOD13Q1_250m,MNG_Bhitarkanika,Mangrove | Bhitarkanika NP (Odisha),MODIS,2018,"{""type"":""MultiPoint"",""coordinates"":[]}"
1_1_2_29,0.5782450959879206,2018-06-15,6,MODIS_MOD13Q1_250m,MTF_GreatHimal,Montane Temperate | Great Himalayan NP (Himachal Pradesh),MODIS,2018,"{""type"":""MultiPoint"",""coordinates"":[]}"
1_1_1_29,0.6374103245147485,2018-06-15,6,MODIS_MOD13Q1_250m,MTF_Kedarnath,Montane Temperate | Kedarnath WS - Oak Belt (Uttarakhand),MODIS,2018,"{""type"":""MultiPoint"",""coordinates"":[]}"
2_30,0.6863565406075636,2018-07-15,7,MODIS_MOD13Q1_250m,MNG_Bhitarkanika,Mangrove | Bhitarkanika NP (Odisha),MODIS,2018,"{""type"":""MultiPoint"",""coordinates"":[]}"
1_1_1_30,0.34226571428571423,2018-07-15,7,MODIS_MOD13Q1_250m,MTF_Kedarnath,Montane Temperate | Kedarnath WS - Oak Belt (Uttarakhand),MODIS,2018,"{""type"":""MultiPoint"",""coordinates"":[]}"
2_31,0.8695181823888603,2018-08-15,8,MODIS_MOD13Q1_250m,MNG_Bhitarkanika,Mangrove | Bhitarkanika NP (Odisha),MODIS,2018,"{""type"":""MultiPoint"",""coordinates"":[]}"
1_1_2_31,0.5960608562060891,2018-08-15,8,MODIS_MOD13Q1_250m,MTF_GreatHimal,Montane Temperate | Great Himalayan NP (Himachal Pradesh),MODIS,2018,"{""type"":""MultiPoint"",""coordinates"":[]}"
1_1_1_31,0.4866127721335268,2018-08-15,8,MODIS_MOD13Q1_250m,MTF_Kedarnath,Montane Temperate | Kedarnath WS - Oak Belt (Uttarakhand),MODIS,2018,"{""type"":""MultiPoint"",""coordinates"":[]}"
2_32,0.7095470922882428,2018-09-15,9,MODIS_MOD13Q1_250m,MNG_Bhitarkanika,Mangrove | Bhitarkanika NP (Odisha),MODIS,2018,"{""type"":""MultiPoint"",""coordinates"":[]}"
1_2_32,0.5521408525350562,2018-09-15,9,MODIS_MOD13Q1_250m,MNG_Sundarbans,Mangrove | Sundarbans - Sajnekhali (West Bengal),MODIS,2018,"{""type"":""MultiPoint"",""coordinates"":[]}"
1_1_2_32,0.4049804170936924,2018-09-15,9,MODIS_MOD13Q1_250m,MTF_GreatHimal,Montane Temperate | Great Himalayan NP (Himachal Pradesh),MODIS,2018,"{""type"":""MultiPoint"",""coordinates"":[]}"
1_1_1_32,0.5246339854843799,2018-09-15,9,MODIS_MOD13Q1_250m,MTF_Kedarnath,Montane Temperate | Kedarnath WS - Oak Belt (Uttarakhand),MODIS,2018,"{""type"":""MultiPoint"",""coordinates"":[]}"
2_33,0.8410569216182049,2018-10-15,10,MODIS_MOD13Q1_250m,MNG_Bhitarkanika,Mangrove | Bhitarkanika NP (Odisha),MODIS,2018,"{""type"":""MultiPoint"",""coordinates"":[]}"
1_2_33,0.47042319898444934,2018-10-15,10,MODIS_MOD13Q1_250m,MNG_Sundarbans,Mangrove | Sundarbans - Sajnekhali (West Bengal),MODIS,2018,"{""type"":""MultiPoint"",""coordinates"":[]}"
1_1_2_33,0.18781346516007533,2018-10-15,10,MODIS_MOD13Q1_250m,MTF_GreatHimal,Montane Temperate | Great Himalayan NP (Himachal Pradesh),MODIS,2018,"{""type"":""MultiPoint"",""coordinates"":[]}"
1_1_1_33,0.3441574826084576,2018-10-15,10,Sentinel2_SR_Harmonized_10m,MTF_Kedarnath,Montane Temperate | Kedarnath WS - Oak Belt (Uttarakhand),Sentinel2,2018,"{""type"":""MultiPoint"",""coordinates"":[]}"
2_34,0.7733577251184836,2018-11-15,11,MODIS_MOD13Q1_250m,MNG_Bhitarkanika,Mangrove | Bhitarkanika NP (Odisha),MODIS,2018,"{""type"":""MultiPoint"",""coordinates"":[]}"
1_2_34,0.5434930831280149,2018-11-15,11,MODIS_MOD13Q1_250m,MNG_Sundarbans,Mangrove | Sundarbans - Sajnekhali (West Bengal),MODIS,2018,"{""type"":""MultiPoint"",""coordinates"":[]}"
1_1_1_34,0.15722808936017008,2018-11-15,11,Sentinel2_SR_Harmonized_10m,MTF_Kedarnath,Montane Temperate | Kedarnath WS - Oak Belt (Uttarakhand),Sentinel2,2018,"{""type"":""MultiPoint"",""coordinates"":[]}"
2_35,0.6352441746555288,2018-12-15,12,Sentinel2_SR_Harmonized_10m,MNG_Bhitarkanika,Mangrove | Bhitarkanika NP (Odisha),Sentinel2,2018,"{""type"":""MultiPoint"",""coordinates"":[]}"
1_2_35,0.16372468461159137,2018-12-15,12,Sentinel2_SR_Harmonized_10m,MNG_Sundarbans,Mangrove | Sundarbans - Sajnekhali (West Bengal),Sentinel2,2018,"{""type"":""MultiPoint"",""coordinates"":[]}"
1_1_1_35,0.22312679195709534,2018-12-15,12,Sentinel2_SR_Harmonized_10m,MTF_Kedarnath,Montane Temperate | Kedarnath WS - Oak Belt (Uttarakhand),Sentinel2,2018,"{""type"":""MultiPoint"",""coordinates"":[]}"
2_36,0.5773213124714449,2019-01-15,1,Sentinel2_SR_Harmonized_10m,MNG_Bhitarkanika,Mangrove | Bhitarkanika NP (Odisha),Sentinel2,2019,"{""type"":""MultiPoint"",""coordinates"":[]}"
1_2_36,0.19345680440954208,2019-01-15,1,Sentinel2_SR_Harmonized_10m,MNG_Sundarbans,Mangrove | Sundarbans - Sajnekhali (West Bengal),Sentinel2,2019,"{""type"":""MultiPoint"",""coordinates"":[]}"
2_37,0.6502413010361555,2019-02-15,2,Sentinel2_SR_Harmonized_10m,MNG_Bhitarkanika,Mangrove | Bhitarkanika NP (Odisha),Sentinel2,2019,"{""type"":""MultiPoint"",""coordinates"":[]}"
1_2_37,0.13143838823194604,2019-02-15,2,Sentinel2_SR_Harmonized_10m,MNG_Sundarbans,Mangrove | Sundarbans - Sajnekhali (West Bengal),Sentinel2,2019,"{""type"":""MultiPoint"",""coordinates"":[]}"
2_38,0.6028908545765181,2019-03-15,3,Sentinel2_SR_Harmonized_10m,MNG_Bhitarkanika,Mangrove | Bhitarkanika NP (Odisha),Sentinel2,2019,"{""type"":""MultiPoint"",""coordinates"":[]}"
1_2_38,0.25387473659153903,2019-03-15,3,Sentinel2_SR_Harmonized_10m,MNG_Sundarbans,Mangrove | Sundarbans - Sajnekhali (West Bengal),Sentinel2,2019,"{""type"":""MultiPoint"",""coordinates"":[]}"
2_39,0.5358319281311574,2019-04-15,4,Sentinel2_SR_Harmonized_10m,MNG_Bhitarkanika,Mangrove | Bhitarkanika NP (Odisha),Sentinel2,2019,"{""type"":""MultiPoint"",""coordinates"":[]}"
1_2_39,0.3948596002518343,2019-04-15,4,Sentinel2_SR_Harmonized_10m,MNG_Sundarbans,Mangrove | Sundarbans - Sajnekhali (West Bengal),Sentinel2,2019,"{""type"":""MultiPoint"",""coordinates"":[]}"
1_1_2_39,0.01453832487309645,2019-04-15,4,MODIS_MOD13Q1_250m,MTF_GreatHimal,Montane Temperate | Great Himalayan NP (Himachal Pradesh),MODIS,2019,"{""type"":""MultiPoint"",""coordinates"":[]}"
1_1_1_39,0.0020975325570591454,2019-04-15,4,MODIS_MOD13Q1_250m,MTF_Kedarnath,Montane Temperate | Kedarnath WS - Oak Belt (Uttarakhand),MODIS,2019,"{""type"":""MultiPoint"",""coordinates"":[]}"
2_40,0.5285350385891628,2019-05-15,5,Sentinel2_SR_Harmonized_10m,MNG_Bhitarkanika,Mangrove | Bhitarkanika NP (Odisha),Sentinel2,2019,"{""type"":""MultiPoint"",""coordinates"":[]}"
1_2_40,0.5086817899405948,2019-05-15,5,MODIS_MOD13Q1_250m,MNG_Sundarbans,Mangrove | Sundarbans - Sajnekhali (West Bengal),MODIS,2019,"{""type"":""MultiPoint"",""coordinates"":[]}"
1_1_2_40,0.07397073588134627,2019-05-15,5,MODIS_MOD13Q1_250m,MTF_GreatHimal,Montane Temperate | Great Himalayan NP (Himachal Pradesh),MODIS,2019,"{""type"":""MultiPoint"",""coordinates"":[]}"
1_1_1_40,0.2653216370946305,2019-05-15,5,MODIS_MOD13Q1_250m,MTF_Kedarnath,Montane Temperate | Kedarnath WS - Oak Belt (Uttarakhand),MODIS,2019,"{""type"":""MultiPoint"",""coordinates"":[]}"
2_41,0.594363749980479,2019-06-15,6,Sentinel2_SR_Harmonized_10m,MNG_Bhitarkanika,Mangrove | Bhitarkanika NP (Odisha),Sentinel2,2019,"{""type"":""MultiPoint"",""coordinates"":[]}"
1_1_2_41,0.29873871421085796,2019-06-15,6,Sentinel2_SR_Harmonized_10m,MTF_GreatHimal,Montane Temperate | Great Himalayan NP (Himachal Pradesh),Sentinel2,2019,"{""type"":""MultiPoint"",""coordinates"":[]}"
1_1_1_41,0.26751053197799257,2019-06-15,6,Sentinel2_SR_Harmonized_10m,MTF_Kedarnath,Montane Temperate | Kedarnath WS - Oak Belt (Uttarakhand),Sentinel2,2019,"{""type"":""MultiPoint"",""coordinates"":[]}"
2_42,0.7457750710900473,2019-07-15,7,MODIS_MOD13Q1_250m,MNG_Bhitarkanika,Mangrove | Bhitarkanika NP (Odisha),MODIS,2019,"{""type"":""MultiPoint"",""coordinates"":[]}"
1_1_2_42,0.4121030706836617,2019-07-15,7,MODIS_MOD13Q1_250m,MTF_GreatHimal,Montane Temperate | Great Himalayan NP (Himachal Pradesh),MODIS,2019,"{""type"":""MultiPoint"",""coordinates"":[]}"
1_1_1_42,0.5332135594934995,2019-07-15,7,MODIS_MOD13Q1_250m,MTF_Kedarnath,Montane Temperate | Kedarnath WS - Oak Belt (Uttarakhand),MODIS,2019,"{""type"":""MultiPoint"",""coordinates"":[]}"
1_1_2_43,0.6821448399827674,2019-08-15,8,MODIS_MOD13Q1_250m,MTF_GreatHimal,Montane Temperate | Great Himalayan NP (Himachal Pradesh),MODIS,2019,"{""type"":""MultiPoint"",""coordinates"":[]}"
1_1_1_43,0.7015917539267016,2019-08-15,8,MODIS_MOD13Q1_250m,MTF_Kedarnath,Montane Temperate | Kedarnath WS - Oak Belt (Uttarakhand),MODIS,2019,"{""type"":""MultiPoint"",""coordinates"":[]}"
2_44,0.8203330483522049,2019-09-15,9,MODIS_MOD13Q1_250m,MNG_Bhitarkanika,Mangrove | Bhitarkanika NP (Odisha),MODIS,2019,"{""type"":""MultiPoint"",""coordinates"":[]}"
1_2_44,0.500511615360203,2019-09-15,9,MODIS_MOD13Q1_250m,MNG_Sundarbans,Mangrove | Sundarbans - Sajnekhali (West Bengal),MODIS,2019,"{""type"":""MultiPoint"",""coordinates"":[]}"
1_1_2_44,0.5312480306664713,2019-09-15,9,MODIS_MOD13Q1_250m,MTF_GreatHimal,Montane Temperate | Great Himalayan NP (Himachal Pradesh),MODIS,2019,"{""type"":""MultiPoint"",""coordinates"":[]}"
1_1_1_44,0.4986334445690888,2019-09-15,9,Sentinel2_SR_Harmonized_10m,MTF_Kedarnath,Montane Temperate | Kedarnath WS - Oak Belt (Uttarakhand),Sentinel2,2019,"{""type"":""MultiPoint"",""coordinates"":[]}"
2_45,0.6828131276719316,2019-10-15,10,Sentinel2_SR_Harmonized_10m,MNG_Bhitarkanika,Mangrove | Bhitarkanika NP (Odisha),Sentinel2,2019,"{""type"":""MultiPoint"",""coordinates"":[]}"
1_2_45,0.24583082574935708,2019-10-15,10,Sentinel2_SR_Harmonized_10m,MNG_Sundarbans,Mangrove | Sundarbans - Sajnekhali (West Bengal),Sentinel2,2019,"{""type"":""MultiPoint"",""coordinates"":[]}"
1_1_2_45,0.36936676011443503,2019-10-15,10,Sentinel2_SR_Harmonized_10m,MTF_GreatHimal,Montane Temperate | Great Himalayan NP (Himachal Pradesh),Sentinel2,2019,"{""type"":""MultiPoint"",""coordinates"":[]}"
1_1_1_45,0.34251629143096085,2019-10-15,10,Sentinel2_SR_Harmonized_10m,MTF_Kedarnath,Montane Temperate | Kedarnath WS - Oak Belt (Uttarakhand),Sentinel2,2019,"{""type"":""MultiPoint"",""coordinates"":[]}"
2_46,0.7204027002561322,2019-11-15,11,Sentinel2_SR_Harmonized_10m,MNG_Bhitarkanika,Mangrove | Bhitarkanika NP (Odisha),Sentinel2,2019,"{""type"":""MultiPoint"",""coordinates"":[]}"
1_2_46,0.23409255789830768,2019-11-15,11,Sentinel2_SR_Harmonized_10m,MNG_Sundarbans,Mangrove | Sundarbans - Sajnekhali (West Bengal),Sentinel2,2019,"{""type"":""MultiPoint"",""coordinates"":[]}"
1_1_1_46,0.28296358670259747,2019-11-15,11,Sentinel2_SR_Harmonized_10m,MTF_Kedarnath,Montane Temperate | Kedarnath WS - Oak Belt (Uttarakhand),Sentinel2,2019,"{""type"":""MultiPoint"",""coordinates"":[]}"
2_47,0.6327058780380286,2019-12-15,12,Sentinel2_SR_Harmonized_10m,MNG_Bhitarkanika,Mangrove | Bhitarkanika NP (Odisha),Sentinel2,2019,"{""type"":""MultiPoint"",""coordinates"":[]}"
1_2_47,0.14472764478194944,2019-12-15,12,Sentinel2_SR_Harmonized_10m,MNG_Sundarbans,Mangrove | Sundarbans - Sajnekhali (West Bengal),Sentinel2,2019,"{""type"":""MultiPoint"",""coordinates"":[]}"
2_48,0.5302860904255914,2020-01-15,1,Sentinel2_SR_Harmonized_10m,MNG_Bhitarkanika,Mangrove | Bhitarkanika NP (Odisha),Sentinel2,2020,"{""type"":""MultiPoint"",""coordinates"":[]}"
1_2_48,0.2577280343818051,2020-01-15,1,Sentinel2_SR_Harmonized_10m,MNG_Sundarbans,Mangrove | Sundarbans - Sajnekhali (West Bengal),Sentinel2,2020,"{""type"":""MultiPoint"",""coordinates"":[]}"
2_49,0.552775247332191,2020-02-15,2,Sentinel2_SR_Harmonized_10m,MNG_Bhitarkanika,Mangrove | Bhitarkanika NP (Odisha),Sentinel2,2020,"{""type"":""MultiPoint"",""coordinates"":[]}"
1_2_49,0.2269854634635597,2020-02-15,2,Sentinel2_SR_Harmonized_10m,MNG_Sundarbans,Mangrove | Sundarbans - Sajnekhali (West Bengal),Sentinel2,2020,"{""type"":""MultiPoint"",""coordinates"":[]}"
2_50,0.7004418219947778,2020-03-15,3,Sentinel2_SR_Harmonized_10m,MNG_Bhitarkanika,Mangrove | Bhitarkanika NP (Odisha),Sentinel2,2020,"{""type"":""MultiPoint"",""coordinates"":[]}"
1_2_50,0.24930365778990615,2020-03-15,3,Sentinel2_SR_Harmonized_10m,MNG_Sundarbans,Mangrove | Sundarbans - Sajnekhali (West Bengal),Sentinel2,2020,"{""type"":""MultiPoint"",""coordinates"":[]}"
2_51,0.6601067480092363,2020-04-15,4,Sentinel2_SR_Harmonized_10m,MNG_Bhitarkanika,Mangrove | Bhitarkanika NP (Odisha),Sentinel2,2020,"{""type"":""MultiPoint"",""coordinates"":[]}"
1_2_51,0.19694918147921725,2020-04-15,4,Sentinel2_SR_Harmonized_10m,MNG_Sundarbans,Mangrove | Sundarbans - Sajnekhali (West Bengal),Sentinel2,2020,"{""type"":""MultiPoint"",""coordinates"":[]}"
1_1_1_51,-0.018823562999619337,2020-04-15,4,MODIS_MOD13Q1_250m,MTF_Kedarnath,Montane Temperate | Kedarnath WS - Oak Belt (Uttarakhand),MODIS,2020,"{""type"":""MultiPoint"",""coordinates"":[]}"
2_52,0.6993854318203934,2020-05-15,5,Sentinel2_SR_Harmonized_10m,MNG_Bhitarkanika,Mangrove | Bhitarkanika NP (Odisha),Sentinel2,2020,"{""type"":""MultiPoint"",""coordinates"":[]}"
1_2_52,0.30140743377577306,2020-05-15,5,Sentinel2_SR_Harmonized_10m,MNG_Sundarbans,Mangrove | Sundarbans - Sajnekhali (West Bengal),Sentinel2,2020,"{""type"":""MultiPoint"",""coordinates"":[]}"
1_1_2_52,0.1102,2020-05-15,5,MODIS_MOD13Q1_250m,MTF_GreatHimal,Montane Temperate | Great Himalayan NP (Himachal Pradesh),MODIS,2020,"{""type"":""MultiPoint"",""coordinates"":[]}"
1_1_1_52,0.07923664606265352,2020-05-15,5,MODIS_MOD13Q1_250m,MTF_Kedarnath,Montane Temperate | Kedarnath WS - Oak Belt (Uttarakhand),MODIS,2020,"{""type"":""MultiPoint"",""coordinates"":[]}"
2_53,0.8009938685208594,2020-06-15,6,MODIS_MOD13Q1_250m,MNG_Bhitarkanika,Mangrove | Bhitarkanika NP (Odisha),MODIS,2020,"{""type"":""MultiPoint"",""coordinates"":[]}"
1_1_2_53,0.23985875034481383,2020-06-15,6,Sentinel2_SR_Harmonized_10m,MTF_GreatHimal,Montane Temperate | Great Himalayan NP (Himachal Pradesh),Sentinel2,2020,"{""type"":""MultiPoint"",""coordinates"":[]}"
1_1_1_53,0.42708887425453257,2020-06-15,6,Sentinel2_SR_Harmonized_10m,MTF_Kedarnath,Montane Temperate | Kedarnath WS - Oak Belt (Uttarakhand),Sentinel2,2020,"{""type"":""MultiPoint"",""coordinates"":[]}"
2_54,0.7291386219974716,2020-07-15,7,MODIS_MOD13Q1_250m,MNG_Bhitarkanika,Mangrove | Bhitarkanika NP (Odisha),MODIS,2020,"{""type"":""MultiPoint"",""coordinates"":[]}"
1_1_2_54,0.4634934550561797,2020-07-15,7,MODIS_MOD13Q1_250m,MTF_GreatHimal,Montane Temperate | Great Himalayan NP (Himachal Pradesh),MODIS,2020,"{""type"":""MultiPoint"",""coordinates"":[]}"
1_1_1_54,0.5916181788723267,2020-07-15,7,MODIS_MOD13Q1_250m,MTF_Kedarnath,Montane Temperate | Kedarnath WS - Oak Belt (Uttarakhand),MODIS,2020,"{""type"":""MultiPoint"",""coordinates"":[]}"
2_55,0.8029415613147914,2020-08-15,8,MODIS_MOD13Q1_250m,MNG_Bhitarkanika,Mangrove | Bhitarkanika NP (Odisha),MODIS,2020,"{""type"":""MultiPoint"",""coordinates"":[]}"
1_1_2_55,0.5829627222446747,2020-08-15,8,MODIS_MOD13Q1_250m,MTF_GreatHimal,Montane Temperate | Great Himalayan NP (Himachal Pradesh),MODIS,2020,"{""type"":""MultiPoint"",""coordinates"":[]}"
1_1_1_55,0.6026818239192173,2020-08-15,8,MODIS_MOD13Q1_250m,MTF_Kedarnath,Montane Temperate | Kedarnath WS - Oak Belt (Uttarakhand),MODIS,2020,"{""type"":""MultiPoint"",""coordinates"":[]}"
2_56,0.8501642067003793,2020-09-15,9,MODIS_MOD13Q1_250m,MNG_Bhitarkanika,Mangrove | Bhitarkanika NP (Odisha),MODIS,2020,"{""type"":""MultiPoint"",""coordinates"":[]}"
1_2_56,0.6480583877995642,2020-09-15,9,MODIS_MOD13Q1_250m,MNG_Sundarbans,Mangrove | Sundarbans - Sajnekhali (West Bengal),MODIS,2020,"{""type"":""MultiPoint"",""coordinates"":[]}"
1_1_2_56,0.6072184338287336,2020-09-15,9,Sentinel2_SR_Harmonized_10m,MTF_GreatHimal,Montane Temperate | Great Himalayan NP (Himachal Pradesh),Sentinel2,2020,"{""type"":""MultiPoint"",""coordinates"":[]}"
1_1_1_56,0.4900406533904407,2020-09-15,9,Sentinel2_SR_Harmonized_10m,MTF_Kedarnath,Montane Temperate | Kedarnath WS - Oak Belt (Uttarakhand),Sentinel2,2020,"{""type"":""MultiPoint"",""coordinates"":[]}"
2_57,0.7722140344267561,2020-10-15,10,Sentinel2_SR_Harmonized_10m,MNG_Bhitarkanika,Mangrove | Bhitarkanika NP (Odisha),Sentinel2,2020,"{""type"":""MultiPoint"",""coordinates"":[]}"
1_2_57,0.22057679303101368,2020-10-15,10,Sentinel2_SR_Harmonized_10m,MNG_Sundarbans,Mangrove | Sundarbans - Sajnekhali (West Bengal),Sentinel2,2020,"{""type"":""MultiPoint"",""coordinates"":[]}"
1_1_2_57,0.2931756643192187,2020-10-15,10,Sentinel2_SR_Harmonized_10m,MTF_GreatHimal,Montane Temperate | Great Himalayan NP (Himachal Pradesh),Sentinel2,2020,"{""type"":""MultiPoint"",""coordinates"":[]}"
1_1_1_57,0.3692272683825904,2020-10-15,10,Sentinel2_SR_Harmonized_10m,MTF_Kedarnath,Montane Temperate | Kedarnath WS - Oak Belt (Uttarakhand),Sentinel2,2020,"{""type"":""MultiPoint"",""coordinates"":[]}"
2_58,0.7449586581695001,2020-11-15,11,Sentinel2_SR_Harmonized_10m,MNG_Bhitarkanika,Mangrove | Bhitarkanika NP (Odisha),Sentinel2,2020,"{""type"":""MultiPoint"",""coordinates"":[]}"
1_2_58,0.21119741007517456,2020-11-15,11,Sentinel2_SR_Harmonized_10m,MNG_Sundarbans,Mangrove | Sundarbans - Sajnekhali (West Bengal),Sentinel2,2020,"{""type"":""MultiPoint"",""coordinates"":[]}"
2_59,0.5800913267633314,2020-12-15,12,Sentinel2_SR_Harmonized_10m,MNG_Bhitarkanika,Mangrove | Bhitarkanika NP (Odisha),Sentinel2,2020,"{""type"":""MultiPoint"",""coordinates"":[]}"
1_2_59,0.23531818848961733,2020-12-15,12,Sentinel2_SR_Harmonized_10m,MNG_Sundarbans,Mangrove | Sundarbans - Sajnekhali (West Bengal),Sentinel2,2020,"{""type"":""MultiPoint"",""coordinates"":[]}"
2_60,0.5717666354534816,2021-01-15,1,Sentinel2_SR_Harmonized_10m,MNG_Bhitarkanika,Mangrove | Bhitarkanika NP (Odisha),Sentinel2,2021,"{""type"":""MultiPoint"",""coordinates"":[]}"
1_2_60,0.19411526644633875,2021-01-15,1,Sentinel2_SR_Harmonized_10m,MNG_Sundarbans,Mangrove | Sundarbans - Sajnekhali (West Bengal),Sentinel2,2021,"{""type"":""MultiPoint"",""coordinates"":[]}"
2_61,0.634903532625014,2021-02-15,2,Sentinel2_SR_Harmonized_10m,MNG_Bhitarkanika,Mangrove | Bhitarkanika NP (Odisha),Sentinel2,2021,"{""type"":""MultiPoint"",""coordinates"":[]}"
1_2_61,0.21804350956933696,2021-02-15,2,Sentinel2_SR_Harmonized_10m,MNG_Sundarbans,Mangrove | Sundarbans - Sajnekhali (West Bengal),Sentinel2,2021,"{""type"":""MultiPoint"",""coordinates"":[]}"
1_1_1_61,0.047808333333333335,2021-02-15,2,MODIS_MOD13Q1_250m,MTF_Kedarnath,Montane Temperate | Kedarnath WS - Oak Belt (Uttarakhand),MODIS,2021,"{""type"":""MultiPoint"",""coordinates"":[]}"
2_62,0.6010409203703834,2021-03-15,3,Sentinel2_SR_Harmonized_10m,MNG_Bhitarkanika,Mangrove | Bhitarkanika NP (Odisha),Sentinel2,2021,"{""type"":""MultiPoint"",""coordinates"":[]}"
1_2_62,0.25281910846345157,2021-03-15,3,Sentinel2_SR_Harmonized_10m,MNG_Sundarbans,Mangrove | Sundarbans - Sajnekhali (West Bengal),Sentinel2,2021,"{""type"":""MultiPoint"",""coordinates"":[]}"
1_1_1_62,0.08581466271823415,2021-03-15,3,MODIS_MOD13Q1_250m,MTF_Kedarnath,Montane Temperate | Kedarnath WS - Oak Belt (Uttarakhand),MODIS,2021,"{""type"":""MultiPoint"",""coordinates"":[]}"
2_63,0.5052418487258812,2021-04-15,4,Sentinel2_SR_Harmonized_10m,MNG_Bhitarkanika,Mangrove | Bhitarkanika NP (Odisha),Sentinel2,2021,"{""type"":""MultiPoint"",""coordinates"":[]}"
1_2_63,0.31779224624080943,2021-04-15,4,Sentinel2_SR_Harmonized_10m,MNG_Sundarbans,Mangrove | Sundarbans - Sajnekhali (West Bengal),Sentinel2,2021,"{""type"":""MultiPoint"",""coordinates"":[]}"
1_1_1_63,0.14356204379562046,2021-04-15,4,MODIS_MOD13Q1_250m,MTF_Kedarnath,Montane Temperate | Kedarnath WS - Oak Belt (Uttarakhand),MODIS,2021,"{""type"":""MultiPoint"",""coordinates"":[]}"
2_64,0.5076074161499,2021-05-15,5,Sentinel2_SR_Harmonized_10m,MNG_Bhitarkanika,Mangrove | Bhitarkanika NP (Odisha),Sentinel2,2021,"{""type"":""MultiPoint"",""coordinates"":[]}"
1_2_64,0.10440318543799772,2021-05-15,5,MODIS_MOD13Q1_250m,MNG_Sundarbans,Mangrove | Sundarbans - Sajnekhali (West Bengal),MODIS,2021,"{""type"":""MultiPoint"",""coordinates"":[]}"
1_1_2_64,0.07243721518987341,2021-05-15,5,MODIS_MOD13Q1_250m,MTF_GreatHimal,Montane Temperate | Great Himalayan NP (Himachal Pradesh),MODIS,2021,"{""type"":""MultiPoint"",""coordinates"":[]}"
1_1_1_64,0.2864656287482317,2021-05-15,5,MODIS_MOD13Q1_250m,MTF_Kedarnath,Montane Temperate | Kedarnath WS - Oak Belt (Uttarakhand),MODIS,2021,"{""type"":""MultiPoint"",""coordinates"":[]}"
2_65,0.656674923878847,2021-06-15,6,Sentinel2_SR_Harmonized_10m,MNG_Bhitarkanika,Mangrove | Bhitarkanika NP (Odisha),Sentinel2,2021,"{""type"":""MultiPoint"",""coordinates"":[]}"
1_1_2_65,0.3902880551221637,2021-06-15,6,Sentinel2_SR_Harmonized_10m,MTF_GreatHimal,Montane Temperate | Great Himalayan NP (Himachal Pradesh),Sentinel2,2021,"{""type"":""MultiPoint"",""coordinates"":[]}"
1_1_1_65,0.36659497319073986,2021-06-15,6,Sentinel2_SR_Harmonized_10m,MTF_Kedarnath,Montane Temperate | Kedarnath WS - Oak Belt (Uttarakhand),Sentinel2,2021,"{""type"":""MultiPoint"",""coordinates"":[]}"
2_66,0.8187559999999999,2021-07-15,7,MODIS_MOD13Q1_250m,MNG_Bhitarkanika,Mangrove | Bhitarkanika NP (Odisha),MODIS,2021,"{""type"":""MultiPoint"",""coordinates"":[]}"
1_1_2_66,0.7660777498595418,2021-07-15,7,MODIS_MOD13Q1_250m,MTF_GreatHimal,Montane Temperate | Great Himalayan NP (Himachal Pradesh),MODIS,2021,"{""type"":""MultiPoint"",""coordinates"":[]}"
1_1_1_66,0.7514000000000001,2021-07-15,7,MODIS_MOD13Q1_250m,MTF_Kedarnath,Montane Temperate | Kedarnath WS - Oak Belt (Uttarakhand),MODIS,2021,"{""type"":""MultiPoint"",""coordinates"":[]}"
2_67,0.15461978113931402,2021-08-15,8,Sentinel2_SR_Harmonized_10m,MNG_Bhitarkanika,Mangrove | Bhitarkanika NP (Odisha),Sentinel2,2021,"{""type"":""MultiPoint"",""coordinates"":[]}"
1_1_2_67,0.4118329795040486,2021-08-15,8,MODIS_MOD13Q1_250m,MTF_GreatHimal,Montane Temperate | Great Himalayan NP (Himachal Pradesh),MODIS,2021,"{""type"":""MultiPoint"",""coordinates"":[]}"
1_1_1_67,0.4701210313548429,2021-08-15,8,Sentinel2_SR_Harmonized_10m,MTF_Kedarnath,Montane Temperate | Kedarnath WS - Oak Belt (Uttarakhand),Sentinel2,2021,"{""type"":""MultiPoint"",""coordinates"":[]}"
2_68,0.8218133059418457,2021-09-15,9,MODIS_MOD13Q1_250m,MNG_Bhitarkanika,Mangrove | Bhitarkanika NP (Odisha),MODIS,2021,"{""type"":""MultiPoint"",""coordinates"":[]}"
1_2_68,0.3606144948755491,2021-09-15,9,MODIS_MOD13Q1_250m,MNG_Sundarbans,Mangrove | Sundarbans - Sajnekhali (West Bengal),MODIS,2021,"{""type"":""MultiPoint"",""coordinates"":[]}"
1_1_2_68,0.4706004308972565,2021-09-15,9,Sentinel2_SR_Harmonized_10m,MTF_GreatHimal,Montane Temperate | Great Himalayan NP (Himachal Pradesh),Sentinel2,2021,"{""type"":""MultiPoint"",""coordinates"":[]}"
1_1_1_68,0.5460266812522708,2021-09-15,9,MODIS_MOD13Q1_250m,MTF_Kedarnath,Montane Temperate | Kedarnath WS - Oak Belt (Uttarakhand),MODIS,2021,"{""type"":""MultiPoint"",""coordinates"":[]}"
2_69,0.6427916051927455,2021-10-15,10,Sentinel2_SR_Harmonized_10m,MNG_Bhitarkanika,Mangrove | Bhitarkanika NP (Odisha),Sentinel2,2021,"{""type"":""MultiPoint"",""coordinates"":[]}"
1_2_69,0.3291697355101034,2021-10-15,10,Sentinel2_SR_Harmonized_10m,MNG_Sundarbans,Mangrove | Sundarbans - Sajnekhali (West Bengal),Sentinel2,2021,"{""type"":""MultiPoint"",""coordinates"":[]}"
1_1_2_69,0.2638793934681182,2021-10-15,10,MODIS_MOD13Q1_250m,MTF_GreatHimal,Montane Temperate | Great Himalayan NP (Himachal Pradesh),MODIS,2021,"{""type"":""MultiPoint"",""coordinates"":[]}"
1_1_1_69,0.46542573097729245,2021-10-15,10,Sentinel2_SR_Harmonized_10m,MTF_Kedarnath,Montane Temperate | Kedarnath WS - Oak Belt (Uttarakhand),Sentinel2,2021,"{""type"":""MultiPoint"",""coordinates"":[]}"
2_70,0.63117195028389,2021-11-15,11,Sentinel2_SR_Harmonized_10m,MNG_Bhitarkanika,Mangrove | Bhitarkanika NP (Odisha),Sentinel2,2021,"{""type"":""MultiPoint"",""coordinates"":[]}"
1_2_70,0.23115960140891245,2021-11-15,11,Sentinel2_SR_Harmonized_10m,MNG_Sundarbans,Mangrove | Sundarbans - Sajnekhali (West Bengal),Sentinel2,2021,"{""type"":""MultiPoint"",""coordinates"":[]}"
1_1_2_70,0.1831036148670948,2021-11-15,11,Sentinel2_SR_Harmonized_10m,MTF_GreatHimal,Montane Temperate | Great Himalayan NP (Himachal Pradesh),Sentinel2,2021,"{""type"":""MultiPoint"",""coordinates"":[]}"
1_1_1_70,0.33189847908745246,2021-11-15,11,MODIS_MOD13Q1_250m,MTF_Kedarnath,Montane Temperate | Kedarnath WS - Oak Belt (Uttarakhand),MODIS,2021,"{""type"":""MultiPoint"",""coordinates"":[]}"
2_71,0.6017270370144625,2021-12-15,12,Sentinel2_SR_Harmonized_10m,MNG_Bhitarkanika,Mangrove | Bhitarkanika NP (Odisha),Sentinel2,2021,"{""type"":""MultiPoint"",""coordinates"":[]}"
1_2_71,0.2090135445226917,2021-12-15,12,Sentinel2_SR_Harmonized_10m,MNG_Sundarbans,Mangrove | Sundarbans - Sajnekhali (West Bengal),Sentinel2,2021,"{""type"":""MultiPoint"",""coordinates"":[]}"
2_72,0.6867442548327279,2022-01-15,1,Sentinel2_SR_Harmonized_10m,MNG_Bhitarkanika,Mangrove | Bhitarkanika NP (Odisha),Sentinel2,2022,"{""type"":""MultiPoint"",""coordinates"":[]}"
1_2_72,0.22523495557656548,2022-01-15,1,Sentinel2_SR_Harmonized_10m,MNG_Sundarbans,Mangrove | Sundarbans - Sajnekhali (West Bengal),Sentinel2,2022,"{""type"":""MultiPoint"",""coordinates"":[]}"
2_73,0.7282846771561575,2022-02-15,2,Sentinel2_SR_Harmonized_10m,MNG_Bhitarkanika,Mangrove | Bhitarkanika NP (Odisha),Sentinel2,2022,"{""type"":""MultiPoint"",""coordinates"":[]}"
1_2_73,0.10568731521938252,2022-02-15,2,Sentinel2_SR_Harmonized_10m,MNG_Sundarbans,Mangrove | Sundarbans - Sajnekhali (West Bengal),Sentinel2,2022,"{""type"":""MultiPoint"",""coordinates"":[]}"
2_74,0.7513277375587244,2022-03-15,3,Sentinel2_SR_Harmonized_10m,MNG_Bhitarkanika,Mangrove | Bhitarkanika NP (Odisha),Sentinel2,2022,"{""type"":""MultiPoint"",""coordinates"":[]}"
1_2_74,0.13138870605093295,2022-03-15,3,Sentinel2_SR_Harmonized_10m,MNG_Sundarbans,Mangrove | Sundarbans - Sajnekhali (West Bengal),Sentinel2,2022,"{""type"":""MultiPoint"",""coordinates"":[]}"
1_1_2_74,-0.043067971530249105,2022-03-15,3,MODIS_MOD13Q1_250m,MTF_GreatHimal,Montane Temperate | Great Himalayan NP (Himachal Pradesh),MODIS,2022,"{""type"":""MultiPoint"",""coordinates"":[]}"
1_1_1_74,0.03444599786552828,2022-03-15,3,MODIS_MOD13Q1_250m,MTF_Kedarnath,Montane Temperate | Kedarnath WS - Oak Belt (Uttarakhand),MODIS,2022,"{""type"":""MultiPoint"",""coordinates"":[]}"
2_75,0.6897090745936759,2022-04-15,4,Sentinel2_SR_Harmonized_10m,MNG_Bhitarkanika,Mangrove | Bhitarkanika NP (Odisha),Sentinel2,2022,"{""type"":""MultiPoint"",""coordinates"":[]}"
1_2_75,0.34175215980598106,2022-04-15,4,MODIS_MOD13Q1_250m,MNG_Sundarbans,Mangrove | Sundarbans - Sajnekhali (West Bengal),MODIS,2022,"{""type"":""MultiPoint"",""coordinates"":[]}"
1_1_2_75,0.2519024264194144,2022-04-15,4,Sentinel2_SR_Harmonized_10m,MTF_GreatHimal,Montane Temperate | Great Himalayan NP (Himachal Pradesh),Sentinel2,2022,"{""type"":""MultiPoint"",""coordinates"":[]}"
1_1_1_75,0.1792849664743246,2022-04-15,4,Sentinel2_SR_Harmonized_10m,MTF_Kedarnath,Montane Temperate | Kedarnath WS - Oak Belt (Uttarakhand),Sentinel2,2022,"{""type"":""MultiPoint"",""coordinates"":[]}"
2_76,0.6525732629476841,2022-05-15,5,Sentinel2_SR_Harmonized_10m,MNG_Bhitarkanika,Mangrove | Bhitarkanika NP (Odisha),Sentinel2,2022,"{""type"":""MultiPoint"",""coordinates"":[]}"
1_2_76,-0.0011,2022-05-15,5,MODIS_MOD13Q1_250m,MNG_Sundarbans,Mangrove | Sundarbans - Sajnekhali (West Bengal),MODIS,2022,"{""type"":""MultiPoint"",""coordinates"":[]}"
1_1_2_76,0.2853358264402572,2022-05-15,5,Sentinel2_SR_Harmonized_10m,MTF_GreatHimal,Montane Temperate | Great Himalayan NP (Himachal Pradesh),Sentinel2,2022,"{""type"":""MultiPoint"",""coordinates"":[]}"
1_1_1_76,0.37111545478912167,2022-05-15,5,Sentinel2_SR_Harmonized_10m,MTF_Kedarnath,Montane Temperate | Kedarnath WS - Oak Belt (Uttarakhand),Sentinel2,2022,"{""type"":""MultiPoint"",""coordinates"":[]}"
2_77,0.6807000000000001,2022-06-15,6,MODIS_MOD13Q1_250m,MNG_Bhitarkanika,Mangrove | Bhitarkanika NP (Odisha),MODIS,2022,"{""type"":""MultiPoint"",""coordinates"":[]}"
1_2_77,0.634785267857143,2022-06-15,6,MODIS_MOD13Q1_250m,MNG_Sundarbans,Mangrove | Sundarbans - Sajnekhali (West Bengal),MODIS,2022,"{""type"":""MultiPoint"",""coordinates"":[]}"
1_1_2_77,0.5062519556818621,2022-06-15,6,MODIS_MOD13Q1_250m,MTF_GreatHimal,Montane Temperate | Great Himalayan NP (Himachal Pradesh),MODIS,2022,"{""type"":""MultiPoint"",""coordinates"":[]}"
1_1_1_77,0.444614217215522,2022-06-15,6,Sentinel2_SR_Harmonized_10m,MTF_Kedarnath,Montane Temperate | Kedarnath WS - Oak Belt (Uttarakhand),Sentinel2,2022,"{""type"":""MultiPoint"",""coordinates"":[]}"
1_2_78,0.5942803460266965,2022-07-15,7,MODIS_MOD13Q1_250m,MNG_Sundarbans,Mangrove | Sundarbans - Sajnekhali (West Bengal),MODIS,2022,"{""type"":""MultiPoint"",""coordinates"":[]}"
1_1_2_78,0.6589540343347642,2022-07-15,7,MODIS_MOD13Q1_250m,MTF_GreatHimal,Montane Temperate | Great Himalayan NP (Himachal Pradesh),MODIS,2022,"{""type"":""MultiPoint"",""coordinates"":[]}"
1_1_1_78,0.6328957027626347,2022-07-15,7,MODIS_MOD13Q1_250m,MTF_Kedarnath,Montane Temperate | Kedarnath WS - Oak Belt (Uttarakhand),MODIS,2022,"{""type"":""MultiPoint"",""coordinates"":[]}"
2_79,0.7974554993678885,2022-08-15,8,MODIS_MOD13Q1_250m,MNG_Bhitarkanika,Mangrove | Bhitarkanika NP (Odisha),MODIS,2022,"{""type"":""MultiPoint"",""coordinates"":[]}"
1_1_2_79,0.6906334690537477,2022-08-15,8,Sentinel2_SR_Harmonized_10m,MTF_GreatHimal,Montane Temperate | Great Himalayan NP (Himachal Pradesh),Sentinel2,2022,"{""type"":""MultiPoint"",""coordinates"":[]}"
1_1_1_79,0.578145997524576,2022-08-15,8,Sentinel2_SR_Harmonized_10m,MTF_Kedarnath,Montane Temperate | Kedarnath WS - Oak Belt (Uttarakhand),Sentinel2,2022,"{""type"":""MultiPoint"",""coordinates"":[]}"
2_80,0.8077430992736079,2022-09-15,9,MODIS_MOD13Q1_250m,MNG_Bhitarkanika,Mangrove | Bhitarkanika NP (Odisha),MODIS,2022,"{""type"":""MultiPoint"",""coordinates"":[]}"
1_2_80,0.4457179901616304,2022-09-15,9,MODIS_MOD13Q1_250m,MNG_Sundarbans,Mangrove | Sundarbans - Sajnekhali (West Bengal),MODIS,2022,"{""type"":""MultiPoint"",""coordinates"":[]}"
1_1_2_80,0.45540298141851254,2022-09-15,9,Sentinel2_SR_Harmonized_10m,MTF_GreatHimal,Montane Temperate | Great Himalayan NP (Himachal Pradesh),Sentinel2,2022,"{""type"":""MultiPoint"",""coordinates"":[]}"
1_1_1_80,0.4881906457781883,2022-09-15,9,Sentinel2_SR_Harmonized_10m,MTF_Kedarnath,Montane Temperate | Kedarnath WS - Oak Belt (Uttarakhand),Sentinel2,2022,"{""type"":""MultiPoint"",""coordinates"":[]}"
2_81,0.7011049101235107,2022-10-15,10,Sentinel2_SR_Harmonized_10m,MNG_Bhitarkanika,Mangrove | Bhitarkanika NP (Odisha),Sentinel2,2022,"{""type"":""MultiPoint"",""coordinates"":[]}"
1_2_81,0.2520845859267678,2022-10-15,10,Sentinel2_SR_Harmonized_10m,MNG_Sundarbans,Mangrove | Sundarbans - Sajnekhali (West Bengal),Sentinel2,2022,"{""type"":""MultiPoint"",""coordinates"":[]}"
1_1_2_81,0.23576969392665403,2022-10-15,10,Sentinel2_SR_Harmonized_10m,MTF_GreatHimal,Montane Temperate | Great Himalayan NP (Himachal Pradesh),Sentinel2,2022,"{""type"":""MultiPoint"",""coordinates"":[]}"
1_1_1_81,0.3655658095392982,2022-10-15,10,Sentinel2_SR_Harmonized_10m,MTF_Kedarnath,Montane Temperate | Kedarnath WS - Oak Belt (Uttarakhand),Sentinel2,2022,"{""type"":""MultiPoint"",""coordinates"":[]}"
2_82,0.770883540701852,2022-11-15,11,Sentinel2_SR_Harmonized_10m,MNG_Bhitarkanika,Mangrove | Bhitarkanika NP (Odisha),Sentinel2,2022,"{""type"":""MultiPoint"",""coordinates"":[]}"
1_2_82,0.23908091107008028,2022-11-15,11,Sentinel2_SR_Harmonized_10m,MNG_Sundarbans,Mangrove | Sundarbans - Sajnekhali (West Bengal),Sentinel2,2022,"{""type"":""MultiPoint"",""coordinates"":[]}"
1_1_2_82,0.21158960518902434,2022-11-15,11,Sentinel2_SR_Harmonized_10m,MTF_GreatHimal,Montane Temperate | Great Himalayan NP (Himachal Pradesh),Sentinel2,2022,"{""type"":""MultiPoint"",""coordinates"":[]}"
1_1_1_82,0.2621736825033321,2022-11-15,11,Sentinel2_SR_Harmonized_10m,MTF_Kedarnath,Montane Temperate | Kedarnath WS - Oak Belt (Uttarakhand),Sentinel2,2022,"{""type"":""MultiPoint"",""coordinates"":[]}"
2_83,0.7593663554994776,2022-12-15,12,Sentinel2_SR_Harmonized_10m,MNG_Bhitarkanika,Mangrove | Bhitarkanika NP (Odisha),Sentinel2,2022,"{""type"":""MultiPoint"",""coordinates"":[]}"
1_2_83,0.21581990769554793,2022-12-15,12,Sentinel2_SR_Harmonized_10m,MNG_Sundarbans,Mangrove | Sundarbans - Sajnekhali (West Bengal),Sentinel2,2022,"{""type"":""MultiPoint"",""coordinates"":[]}"
1_1_2_83,0.15946788612235724,2022-12-15,12,Sentinel2_SR_Harmonized_10m,MTF_GreatHimal,Montane Temperate | Great Himalayan NP (Himachal Pradesh),Sentinel2,2022,"{""type"":""MultiPoint"",""coordinates"":[]}"
1_1_1_83,0.24086913906492996,2022-12-15,12,Sentinel2_SR_Harmonized_10m,MTF_Kedarnath,Montane Temperate | Kedarnath WS - Oak Belt (Uttarakhand),Sentinel2,2022,"{""type"":""MultiPoint"",""coordinates"":[]}"
2_84,0.6633182625753488,2023-01-15,1,Sentinel2_SR_Harmonized_10m,MNG_Bhitarkanika,Mangrove | Bhitarkanika NP (Odisha),Sentinel2,2023,"{""type"":""MultiPoint"",""coordinates"":[]}"
1_2_84,0.19959603124151182,2023-01-15,1,Sentinel2_SR_Harmonized_10m,MNG_Sundarbans,Mangrove | Sundarbans - Sajnekhali (West Bengal),Sentinel2,2023,"{""type"":""MultiPoint"",""coordinates"":[]}"
1_1_1_84,0.1821234098028758,2023-01-15,1,Sentinel2_SR_Harmonized_10m,MTF_Kedarnath,Montane Temperate | Kedarnath WS - Oak Belt (Uttarakhand),Sentinel2,2023,"{""type"":""MultiPoint"",""coordinates"":[]}"
2_85,0.7137210109861624,2023-02-15,2,Sentinel2_SR_Harmonized_10m,MNG_Bhitarkanika,Mangrove | Bhitarkanika NP (Odisha),Sentinel2,2023,"{""type"":""MultiPoint"",""coordinates"":[]}"
1_2_85,0.20335113676679104,2023-02-15,2,Sentinel2_SR_Harmonized_10m,MNG_Sundarbans,Mangrove | Sundarbans - Sajnekhali (West Bengal),Sentinel2,2023,"{""type"":""MultiPoint"",""coordinates"":[]}"
2_86,0.746758601284984,2023-03-15,3,Sentinel2_SR_Harmonized_10m,MNG_Bhitarkanika,Mangrove | Bhitarkanika NP (Odisha),Sentinel2,2023,"{""type"":""MultiPoint"",""coordinates"":[]}"
1_2_86,0.42905795868437324,2023-03-15,3,MODIS_MOD13Q1_250m,MNG_Sundarbans,Mangrove | Sundarbans - Sajnekhali (West Bengal),MODIS,2023,"{""type"":""MultiPoint"",""coordinates"":[]}"
1_1_1_86,-0.02160348692403487,2023-03-15,3,MODIS_MOD13Q1_250m,MTF_Kedarnath,Montane Temperate | Kedarnath WS - Oak Belt (Uttarakhand),MODIS,2023,"{""type"":""MultiPoint"",""coordinates"":[]}"
2_87,0.7439147010245832,2023-04-15,4,Sentinel2_SR_Harmonized_10m,MNG_Bhitarkanika,Mangrove | Bhitarkanika NP (Odisha),Sentinel2,2023,"{""type"":""MultiPoint"",""coordinates"":[]}"
1_2_87,0.2646677230099702,2023-04-15,4,Sentinel2_SR_Harmonized_10m,MNG_Sundarbans,Mangrove | Sundarbans - Sajnekhali (West Bengal),Sentinel2,2023,"{""type"":""MultiPoint"",""coordinates"":[]}"
1_1_1_87,-0.001722861442932059,2023-04-15,4,MODIS_MOD13Q1_250m,MTF_Kedarnath,Montane Temperate | Kedarnath WS - Oak Belt (Uttarakhand),MODIS,2023,"{""type"":""MultiPoint"",""coordinates"":[]}"
2_88,0.7492831616513942,2023-05-15,5,Sentinel2_SR_Harmonized_10m,MNG_Bhitarkanika,Mangrove | Bhitarkanika NP (Odisha),Sentinel2,2023,"{""type"":""MultiPoint"",""coordinates"":[]}"
1_2_88,0.5080431836375813,2023-05-15,5,MODIS_MOD13Q1_250m,MNG_Sundarbans,Mangrove | Sundarbans - Sajnekhali (West Bengal),MODIS,2023,"{""type"":""MultiPoint"",""coordinates"":[]}"
1_1_2_88,0.08170000000000001,2023-05-15,5,MODIS_MOD13Q1_250m,MTF_GreatHimal,Montane Temperate | Great Himalayan NP (Himachal Pradesh),MODIS,2023,"{""type"":""MultiPoint"",""coordinates"":[]}"
1_1_1_88,0.13822634169815512,2023-05-15,5,Sentinel2_SR_Harmonized_10m,MTF_Kedarnath,Montane Temperate | Kedarnath WS - Oak Belt (Uttarakhand),Sentinel2,2023,"{""type"":""MultiPoint"",""coordinates"":[]}"
2_89,0.8352,2023-06-15,6,MODIS_MOD13Q1_250m,MNG_Bhitarkanika,Mangrove | Bhitarkanika NP (Odisha),MODIS,2023,"{""type"":""MultiPoint"",""coordinates"":[]}"
1_1_2_89,0.08939026850942522,2023-06-15,6,MODIS_MOD13Q1_250m,MTF_GreatHimal,Montane Temperate | Great Himalayan NP (Himachal Pradesh),MODIS,2023,"{""type"":""MultiPoint"",""coordinates"":[]}"
1_1_1_89,0.35518166128854795,2023-06-15,6,Sentinel2_SR_Harmonized_10m,MTF_Kedarnath,Montane Temperate | Kedarnath WS - Oak Belt (Uttarakhand),Sentinel2,2023,"{""type"":""MultiPoint"",""coordinates"":[]}"
2_90,0.6620691909385115,2023-07-15,7,MODIS_MOD13Q1_250m,MNG_Bhitarkanika,Mangrove | Bhitarkanika NP (Odisha),MODIS,2023,"{""type"":""MultiPoint"",""coordinates"":[]}"
1_1_2_90,0.6300776205787783,2023-07-15,7,MODIS_MOD13Q1_250m,MTF_GreatHimal,Montane Temperate | Great Himalayan NP (Himachal Pradesh),MODIS,2023,"{""type"":""MultiPoint"",""coordinates"":[]}"
1_1_1_90,0.5640147302732379,2023-07-15,7,MODIS_MOD13Q1_250m,MTF_Kedarnath,Montane Temperate | Kedarnath WS - Oak Belt (Uttarakhand),MODIS,2023,"{""type"":""MultiPoint"",""coordinates"":[]}"
2_91,0.7455322216019021,2023-08-15,8,MODIS_MOD13Q1_250m,MNG_Bhitarkanika,Mangrove | Bhitarkanika NP (Odisha),MODIS,2023,"{""type"":""MultiPoint"",""coordinates"":[]}"
1_1_2_91,0.4480265993524868,2023-08-15,8,MODIS_MOD13Q1_250m,MTF_GreatHimal,Montane Temperate | Great Himalayan NP (Himachal Pradesh),MODIS,2023,"{""type"":""MultiPoint"",""coordinates"":[]}"
1_1_1_91,0.5797834800079026,2023-08-15,8,Sentinel2_SR_Harmonized_10m,MTF_Kedarnath,Montane Temperate | Kedarnath WS - Oak Belt (Uttarakhand),Sentinel2,2023,"{""type"":""MultiPoint"",""coordinates"":[]}"
2_92,0.8048423830594184,2023-09-15,9,MODIS_MOD13Q1_250m,MNG_Bhitarkanika,Mangrove | Bhitarkanika NP (Odisha),MODIS,2023,"{""type"":""MultiPoint"",""coordinates"":[]}"
1_2_92,0.4946786417010473,2023-09-15,9,MODIS_MOD13Q1_250m,MNG_Sundarbans,Mangrove | Sundarbans - Sajnekhali (West Bengal),MODIS,2023,"{""type"":""MultiPoint"",""coordinates"":[]}"
1_1_2_92,0.6100873002230738,2023-09-15,9,Sentinel2_SR_Harmonized_10m,MTF_GreatHimal,Montane Temperate | Great Himalayan NP (Himachal Pradesh),Sentinel2,2023,"{""type"":""MultiPoint"",""coordinates"":[]}"
1_1_1_92,0.5215543957486043,2023-09-15,9,Sentinel2_SR_Harmonized_10m,MTF_Kedarnath,Montane Temperate | Kedarnath WS - Oak Belt (Uttarakhand),Sentinel2,2023,"{""type"":""MultiPoint"",""coordinates"":[]}"
2_93,0.8007483488261613,2023-10-15,10,Sentinel2_SR_Harmonized_10m,MNG_Bhitarkanika,Mangrove | Bhitarkanika NP (Odisha),Sentinel2,2023,"{""type"":""MultiPoint"",""coordinates"":[]}"
1_2_93,0.2652159407957175,2023-10-15,10,Sentinel2_SR_Harmonized_10m,MNG_Sundarbans,Mangrove | Sundarbans - Sajnekhali (West Bengal),Sentinel2,2023,"{""type"":""MultiPoint"",""coordinates"":[]}"
1_1_2_93,0.2777003272874788,2023-10-15,10,Sentinel2_SR_Harmonized_10m,MTF_GreatHimal,Montane Temperate | Great Himalayan NP (Himachal Pradesh),Sentinel2,2023,"{""type"":""MultiPoint"",""coordinates"":[]}"
1_1_1_93,0.4148781858437159,2023-10-15,10,Sentinel2_SR_Harmonized_10m,MTF_Kedarnath,Montane Temperate | Kedarnath WS - Oak Belt (Uttarakhand),Sentinel2,2023,"{""type"":""MultiPoint"",""coordinates"":[]}"
2_94,0.6820209799004998,2023-11-15,11,Sentinel2_SR_Harmonized_10m,MNG_Bhitarkanika,Mangrove | Bhitarkanika NP (Odisha),Sentinel2,2023,"{""type"":""MultiPoint"",""coordinates"":[]}"
1_2_94,0.22941524290541052,2023-11-15,11,Sentinel2_SR_Harmonized_10m,MNG_Sundarbans,Mangrove | Sundarbans - Sajnekhali (West Bengal),Sentinel2,2023,"{""type"":""MultiPoint"",""coordinates"":[]}"
1_1_2_94,0.23454635403235283,2023-11-15,11,Sentinel2_SR_Harmonized_10m,MTF_GreatHimal,Montane Temperate | Great Himalayan NP (Himachal Pradesh),Sentinel2,2023,"{""type"":""MultiPoint"",""coordinates"":[]}"
1_1_1_94,0.2617220521289739,2023-11-15,11,Sentinel2_SR_Harmonized_10m,MTF_Kedarnath,Montane Temperate | Kedarnath WS - Oak Belt (Uttarakhand),Sentinel2,2023,"{""type"":""MultiPoint"",""coordinates"":[]}"
2_95,0.7363583281807973,2023-12-15,12,Sentinel2_SR_Harmonized_10m,MNG_Bhitarkanika,Mangrove | Bhitarkanika NP (Odisha),Sentinel2,2023,"{""type"":""MultiPoint"",""coordinates"":[]}"
1_2_95,0.2521742200508175,2023-12-15,12,Sentinel2_SR_Harmonized_10m,MNG_Sundarbans,Mangrove | Sundarbans - Sajnekhali (West Bengal),Sentinel2,2023,"{""type"":""MultiPoint"",""coordinates"":[]}"
1_1_2_95,0.1918259202255856,2023-12-15,12,Sentinel2_SR_Harmonized_10m,MTF_GreatHimal,Montane Temperate | Great Himalayan NP (Himachal Pradesh),Sentinel2,2023,"{""type"":""MultiPoint"",""coordinates"":[]}"
1_1_1_95,0.19831676428482042,2023-12-15,12,Sentinel2_SR_Harmonized_10m,MTF_Kedarnath,Montane Temperate | Kedarnath WS - Oak Belt (Uttarakhand),Sentinel2,2023,"{""type"":""MultiPoint"",""coordinates"":[]}"
2_96,0.5407523644682989,2024-01-15,1,Sentinel2_SR_Harmonized_10m,MNG_Bhitarkanika,Mangrove | Bhitarkanika NP (Odisha),Sentinel2,2024,"{""type"":""MultiPoint"",""coordinates"":[]}"
1_2_96,0.2690410517825134,2024-01-15,1,Sentinel2_SR_Harmonized_10m,MNG_Sundarbans,Mangrove | Sundarbans - Sajnekhali (West Bengal),Sentinel2,2024,"{""type"":""MultiPoint"",""coordinates"":[]}"
1_1_2_96,0.22650662048580494,2024-01-15,1,Sentinel2_SR_Harmonized_10m,MTF_GreatHimal,Montane Temperate | Great Himalayan NP (Himachal Pradesh),Sentinel2,2024,"{""type"":""MultiPoint"",""coordinates"":[]}"
1_1_1_96,0.21111785192793273,2024-01-15,1,Sentinel2_SR_Harmonized_10m,MTF_Kedarnath,Montane Temperate | Kedarnath WS - Oak Belt (Uttarakhand),Sentinel2,2024,"{""type"":""MultiPoint"",""coordinates"":[]}"
2_97,0.5170744926465431,2024-02-15,2,Sentinel2_SR_Harmonized_10m,MNG_Bhitarkanika,Mangrove | Bhitarkanika NP (Odisha),Sentinel2,2024,"{""type"":""MultiPoint"",""coordinates"":[]}"
1_2_97,0.2282073114413986,2024-02-15,2,Sentinel2_SR_Harmonized_10m,MNG_Sundarbans,Mangrove | Sundarbans - Sajnekhali (West Bengal),Sentinel2,2024,"{""type"":""MultiPoint"",""coordinates"":[]}"
2_98,0.6909334903524054,2024-03-15,3,Sentinel2_SR_Harmonized_10m,MNG_Bhitarkanika,Mangrove | Bhitarkanika NP (Odisha),Sentinel2,2024,"{""type"":""MultiPoint"",""coordinates"":[]}"
1_2_98,0.2420220914406482,2024-03-15,3,Sentinel2_SR_Harmonized_10m,MNG_Sundarbans,Mangrove | Sundarbans - Sajnekhali (West Bengal),Sentinel2,2024,"{""type"":""MultiPoint"",""coordinates"":[]}"
2_99,0.7016607024856525,2024-04-15,4,Sentinel2_SR_Harmonized_10m,MNG_Bhitarkanika,Mangrove | Bhitarkanika NP (Odisha),Sentinel2,2024,"{""type"":""MultiPoint"",""coordinates"":[]}"
1_2_99,0.3169473449230194,2024-04-15,4,Sentinel2_SR_Harmonized_10m,MNG_Sundarbans,Mangrove | Sundarbans - Sajnekhali (West Bengal),Sentinel2,2024,"{""type"":""MultiPoint"",""coordinates"":[]}"
1_1_1_99,0.12972574323938862,2024-04-15,4,Sentinel2_SR_Harmonized_10m,MTF_Kedarnath,Montane Temperate | Kedarnath WS - Oak Belt (Uttarakhand),Sentinel2,2024,"{""type"":""MultiPoint"",""coordinates"":[]}"
2_100,0.6118758856520442,2024-05-15,5,Sentinel2_SR_Harmonized_10m,MNG_Bhitarkanika,Mangrove | Bhitarkanika NP (Odisha),Sentinel2,2024,"{""type"":""MultiPoint"",""coordinates"":[]}"
1_2_100,0.27392342569269523,2024-05-15,5,MODIS_MOD13Q1_250m,MNG_Sundarbans,Mangrove | Sundarbans - Sajnekhali (West Bengal),MODIS,2024,"{""type"":""MultiPoint"",""coordinates"":[]}"
1_1_2_100,0.12620194252086117,2024-05-15,5,Sentinel2_SR_Harmonized_10m,MTF_GreatHimal,Montane Temperate | Great Himalayan NP (Himachal Pradesh),Sentinel2,2024,"{""type"":""MultiPoint"",""coordinates"":[]}"
1_1_1_100,0.2565404923738056,2024-05-15,5,Sentinel2_SR_Harmonized_10m,MTF_Kedarnath,Montane Temperate | Kedarnath WS - Oak Belt (Uttarakhand),Sentinel2,2024,"{""type"":""MultiPoint"",""coordinates"":[]}"
2_101,0.7023111448834853,2024-06-15,6,MODIS_MOD13Q1_250m,MNG_Bhitarkanika,Mangrove | Bhitarkanika NP (Odisha),MODIS,2024,"{""type"":""MultiPoint"",""coordinates"":[]}"
1_1_2_101,0.1909035954699202,2024-06-15,6,Sentinel2_SR_Harmonized_10m,MTF_GreatHimal,Montane Temperate | Great Himalayan NP (Himachal Pradesh),Sentinel2,2024,"{""type"":""MultiPoint"",""coordinates"":[]}"
1_1_1_101,0.3882609420064814,2024-06-15,6,Sentinel2_SR_Harmonized_10m,MTF_Kedarnath,Montane Temperate | Kedarnath WS - Oak Belt (Uttarakhand),Sentinel2,2024,"{""type"":""MultiPoint"",""coordinates"":[]}"
2_102,0.8504962459546926,2024-07-15,7,MODIS_MOD13Q1_250m,MNG_Bhitarkanika,Mangrove | Bhitarkanika NP (Odisha),MODIS,2024,"{""type"":""MultiPoint"",""coordinates"":[]}"
1_1_2_102,0.6570347923322684,2024-07-15,7,MODIS_MOD13Q1_250m,MTF_GreatHimal,Montane Temperate | Great Himalayan NP (Himachal Pradesh),MODIS,2024,"{""type"":""MultiPoint"",""coordinates"":[]}"
1_1_1_102,0.5338434478148657,2024-07-15,7,Sentinel2_SR_Harmonized_10m,MTF_Kedarnath,Montane Temperate | Kedarnath WS - Oak Belt (Uttarakhand),Sentinel2,2024,"{""type"":""MultiPoint"",""coordinates"":[]}"
2_103,0.8323362726098189,2024-08-15,8,MODIS_MOD13Q1_250m,MNG_Bhitarkanika,Mangrove | Bhitarkanika NP (Odisha),MODIS,2024,"{""type"":""MultiPoint"",""coordinates"":[]}"
1_2_103,0.5931300766283525,2024-08-15,8,MODIS_MOD13Q1_250m,MNG_Sundarbans,Mangrove | Sundarbans - Sajnekhali (West Bengal),MODIS,2024,"{""type"":""MultiPoint"",""coordinates"":[]}"
1_1_2_103,0.6798842473645621,2024-08-15,8,MODIS_MOD13Q1_250m,MTF_GreatHimal,Montane Temperate | Great Himalayan NP (Himachal Pradesh),MODIS,2024,"{""type"":""MultiPoint"",""coordinates"":[]}"
1_1_1_103,0.6171764438080647,2024-08-15,8,MODIS_MOD13Q1_250m,MTF_Kedarnath,Montane Temperate | Kedarnath WS - Oak Belt (Uttarakhand),MODIS,2024,"{""type"":""MultiPoint"",""coordinates"":[]}"
2_104,0.8103308154235147,2024-09-15,9,MODIS_MOD13Q1_250m,MNG_Bhitarkanika,Mangrove | Bhitarkanika NP (Odisha),MODIS,2024,"{""type"":""MultiPoint"",""coordinates"":[]}"
1_2_104,0.6999582354807997,2024-09-15,9,MODIS_MOD13Q1_250m,MNG_Sundarbans,Mangrove | Sundarbans - Sajnekhali (West Bengal),MODIS,2024,"{""type"":""MultiPoint"",""coordinates"":[]}"
1_1_2_104,0.47567678417604026,2024-09-15,9,Sentinel2_SR_Harmonized_10m,MTF_GreatHimal,Montane Temperate | Great Himalayan NP (Himachal Pradesh),Sentinel2,2024,"{""type"":""MultiPoint"",""coordinates"":[]}"
1_1_1_104,0.5041219545439164,2024-09-15,9,Sentinel2_SR_Harmonized_10m,MTF_Kedarnath,Montane Temperate | Kedarnath WS - Oak Belt (Uttarakhand),Sentinel2,2024,"{""type"":""MultiPoint"",""coordinates"":[]}"
2_105,0.8520858843997083,2024-10-15,10,Sentinel2_SR_Harmonized_10m,MNG_Bhitarkanika,Mangrove | Bhitarkanika NP (Odisha),Sentinel2,2024,"{""type"":""MultiPoint"",""coordinates"":[]}"
1_2_105,0.4859159314503332,2024-10-15,10,MODIS_MOD13Q1_250m,MNG_Sundarbans,Mangrove | Sundarbans - Sajnekhali (West Bengal),MODIS,2024,"{""type"":""MultiPoint"",""coordinates"":[]}"
1_1_2_105,0.2699137723134412,2024-10-15,10,Sentinel2_SR_Harmonized_10m,MTF_GreatHimal,Montane Temperate | Great Himalayan NP (Himachal Pradesh),Sentinel2,2024,"{""type"":""MultiPoint"",""coordinates"":[]}"
1_1_1_105,0.4352705124184805,2024-10-15,10,Sentinel2_SR_Harmonized_10m,MTF_Kedarnath,Montane Temperate | Kedarnath WS - Oak Belt (Uttarakhand),Sentinel2,2024,"{""type"":""MultiPoint"",""coordinates"":[]}"
2_106,0.7289372496833154,2024-11-15,11,Sentinel2_SR_Harmonized_10m,MNG_Bhitarkanika,Mangrove | Bhitarkanika NP (Odisha),Sentinel2,2024,"{""type"":""MultiPoint"",""coordinates"":[]}"
1_2_106,0.28287119871964195,2024-11-15,11,Sentinel2_SR_Harmonized_10m,MNG_Sundarbans,Mangrove | Sundarbans - Sajnekhali (West Bengal),Sentinel2,2024,"{""type"":""MultiPoint"",""coordinates"":[]}"
1_1_2_106,0.25232648881845415,2024-11-15,11,Sentinel2_SR_Harmonized_10m,MTF_GreatHimal,Montane Temperate | Great Himalayan NP (Himachal Pradesh),Sentinel2,2024,"{""type"":""MultiPoint"",""coordinates"":[]}"
1_1_1_106,0.28279347070931893,2024-11-15,11,Sentinel2_SR_Harmonized_10m,MTF_Kedarnath,Montane Temperate | Kedarnath WS - Oak Belt (Uttarakhand),Sentinel2,2024,"{""type"":""MultiPoint"",""coordinates"":[]}"
2_107,0.6707390412923784,2024-12-15,12,Sentinel2_SR_Harmonized_10m,MNG_Bhitarkanika,Mangrove | Bhitarkanika NP (Odisha),Sentinel2,2024,"{""type"":""MultiPoint"",""coordinates"":[]}"
1_2_107,0.20665488386745318,2024-12-15,12,Sentinel2_SR_Harmonized_10m,MNG_Sundarbans,Mangrove | Sundarbans - Sajnekhali (West Bengal),Sentinel2,2024,"{""type"":""MultiPoint"",""coordinates"":[]}"
1_1_2_107,0.22790802668961097,2024-12-15,12,Sentinel2_SR_Harmonized_10m,MTF_GreatHimal,Montane Temperate | Great Himalayan NP (Himachal Pradesh),Sentinel2,2024,"{""type"":""MultiPoint"",""coordinates"":[]}"
1_1_1_107,0.2265307907984409,2024-12-15,12,Sentinel2_SR_Harmonized_10m,MTF_Kedarnath,Montane Temperate | Kedarnath WS - Oak Belt (Uttarakhand),Sentinel2,2024,"{""type"":""MultiPoint"",""coordinates"":[]}"
2_108,0.5964102537593414,2025-01-15,1,Sentinel2_SR_Harmonized_10m,MNG_Bhitarkanika,Mangrove | Bhitarkanika NP (Odisha),Sentinel2,2025,"{""type"":""MultiPoint"",""coordinates"":[]}"
1_2_108,0.21003032651254835,2025-01-15,1,Sentinel2_SR_Harmonized_10m,MNG_Sundarbans,Mangrove | Sundarbans - Sajnekhali (West Bengal),Sentinel2,2025,"{""type"":""MultiPoint"",""coordinates"":[]}"
2_109,0.635718308077897,2025-02-15,2,Sentinel2_SR_Harmonized_10m,MNG_Bhitarkanika,Mangrove | Bhitarkanika NP (Odisha),Sentinel2,2025,"{""type"":""MultiPoint"",""coordinates"":[]}"
1_2_109,0.17256524096200035,2025-02-15,2,Sentinel2_SR_Harmonized_10m,MNG_Sundarbans,Mangrove | Sundarbans - Sajnekhali (West Bengal),Sentinel2,2025,"{""type"":""MultiPoint"",""coordinates"":[]}"
1_1_1_109,-0.0094,2025-02-15,2,MODIS_MOD13Q1_250m,MTF_Kedarnath,Montane Temperate | Kedarnath WS - Oak Belt (Uttarakhand),MODIS,2025,"{""type"":""MultiPoint"",""coordinates"":[]}"
2_110,0.7000610935585816,2025-03-15,3,Sentinel2_SR_Harmonized_10m,MNG_Bhitarkanika,Mangrove | Bhitarkanika NP (Odisha),Sentinel2,2025,"{""type"":""MultiPoint"",""coordinates"":[]}"
1_2_110,0.24170690218884877,2025-03-15,3,Sentinel2_SR_Harmonized_10m,MNG_Sundarbans,Mangrove | Sundarbans - Sajnekhali (West Bengal),Sentinel2,2025,"{""type"":""MultiPoint"",""coordinates"":[]}"
1_1_1_110,0.011342597710225031,2025-03-15,3,MODIS_MOD13Q1_250m,MTF_Kedarnath,Montane Temperate | Kedarnath WS - Oak Belt (Uttarakhand),MODIS,2025,"{""type"":""MultiPoint"",""coordinates"":[]}"
2_111,0.6912628835442525,2025-04-15,4,Sentinel2_SR_Harmonized_10m,MNG_Bhitarkanika,Mangrove | Bhitarkanika NP (Odisha),Sentinel2,2025,"{""type"":""MultiPoint"",""coordinates"":[]}"
1_2_111,0.2985333831358241,2025-04-15,4,Sentinel2_SR_Harmonized_10m,MNG_Sundarbans,Mangrove | Sundarbans - Sajnekhali (West Bengal),Sentinel2,2025,"{""type"":""MultiPoint"",""coordinates"":[]}"
1_1_2_111,0.2823510605808407,2025-04-15,4,Sentinel2_SR_Harmonized_10m,MTF_GreatHimal,Montane Temperate | Great Himalayan NP (Himachal Pradesh),Sentinel2,2025,"{""type"":""MultiPoint"",""coordinates"":[]}"
1_1_1_111,0.1780120176805579,2025-04-15,4,Sentinel2_SR_Harmonized_10m,MTF_Kedarnath,Montane Temperate | Kedarnath WS - Oak Belt (Uttarakhand),Sentinel2,2025,"{""type"":""MultiPoint"",""coordinates"":[]}"
2_112,0.6522299405970785,2025-05-15,5,Sentinel2_SR_Harmonized_10m,MNG_Bhitarkanika,Mangrove | Bhitarkanika NP (Odisha),Sentinel2,2025,"{""type"":""MultiPoint"",""coordinates"":[]}"
1_2_112,0.5122199999999999,2025-05-15,5,MODIS_MOD13Q1_250m,MNG_Sundarbans,Mangrove | Sundarbans - Sajnekhali (West Bengal),MODIS,2025,"{""type"":""MultiPoint"",""coordinates"":[]}"
1_1_2_112,0.2521299644563156,2025-05-15,5,Sentinel2_SR_Harmonized_10m,MTF_GreatHimal,Montane Temperate | Great Himalayan NP (Himachal Pradesh),Sentinel2,2025,"{""type"":""MultiPoint"",""coordinates"":[]}"
1_1_1_112,0.3518426847552929,2025-05-15,5,Sentinel2_SR_Harmonized_10m,MTF_Kedarnath,Montane Temperate | Kedarnath WS - Oak Belt (Uttarakhand),Sentinel2,2025,"{""type"":""MultiPoint"",""coordinates"":[]}"
2_113,0.7893666340217209,2025-06-15,6,Sentinel2_SR_Harmonized_10m,MNG_Bhitarkanika,Mangrove | Bhitarkanika NP (Odisha),Sentinel2,2025,"{""type"":""MultiPoint"",""coordinates"":[]}"
1_2_113,0.05426121372031662,2025-06-15,6,MODIS_MOD13Q1_250m,MNG_Sundarbans,Mangrove | Sundarbans - Sajnekhali (West Bengal),MODIS,2025,"{""type"":""MultiPoint"",""coordinates"":[]}"
1_1_2_113,0.38293630871519335,2025-06-15,6,Sentinel2_SR_Harmonized_10m,MTF_GreatHimal,Montane Temperate | Great Himalayan NP (Himachal Pradesh),Sentinel2,2025,"{""type"":""MultiPoint"",""coordinates"":[]}"
1_1_1_113,0.42315489455930044,2025-06-15,6,Sentinel2_SR_Harmonized_10m,MTF_Kedarnath,Montane Temperate | Kedarnath WS - Oak Belt (Uttarakhand),Sentinel2,2025,"{""type"":""MultiPoint"",""coordinates"":[]}"
2_114,0.8395375158027812,2025-07-15,7,MODIS_MOD13Q1_250m,MNG_Bhitarkanika,Mangrove | Bhitarkanika NP (Odisha),MODIS,2025,"{""type"":""MultiPoint"",""coordinates"":[]}"
1_2_114,0.5424586592178772,2025-07-15,7,MODIS_MOD13Q1_250m,MNG_Sundarbans,Mangrove | Sundarbans - Sajnekhali (West Bengal),MODIS,2025,"{""type"":""MultiPoint"",""coordinates"":[]}"
1_1_2_114,0.6403840929308535,2025-07-15,7,MODIS_MOD13Q1_250m,MTF_GreatHimal,Montane Temperate | Great Himalayan NP (Himachal Pradesh),MODIS,2025,"{""type"":""MultiPoint"",""coordinates"":[]}"
1_1_1_114,0.5972380877248341,2025-07-15,7,MODIS_MOD13Q1_250m,MTF_Kedarnath,Montane Temperate | Kedarnath WS - Oak Belt (Uttarakhand),MODIS,2025,"{""type"":""MultiPoint"",""coordinates"":[]}"
1_1_2_115,0.6430288293927384,2025-08-15,8,MODIS_MOD13Q1_250m,MTF_GreatHimal,Montane Temperate | Great Himalayan NP (Himachal Pradesh),MODIS,2025,"{""type"":""MultiPoint"",""coordinates"":[]}"
1_1_1_115,0.6575671494272797,2025-08-15,8,MODIS_MOD13Q1_250m,MTF_Kedarnath,Montane Temperate | Kedarnath WS - Oak Belt (Uttarakhand),MODIS,2025,"{""type"":""MultiPoint"",""coordinates"":[]}"
2_116,0.8648193667323718,2025-09-15,9,Sentinel2_SR_Harmonized_10m,MNG_Bhitarkanika,Mangrove | Bhitarkanika NP (Odisha),Sentinel2,2025,"{""type"":""MultiPoint"",""coordinates"":[]}"
1_2_116,0.5221998228075744,2025-09-15,9,MODIS_MOD13Q1_250m,MNG_Sundarbans,Mangrove | Sundarbans - Sajnekhali (West Bengal),MODIS,2025,"{""type"":""MultiPoint"",""coordinates"":[]}"
1_1_2_116,0.4196062668066628,2025-09-15,9,Sentinel2_SR_Harmonized_10m,MTF_GreatHimal,Montane Temperate | Great Himalayan NP (Himachal Pradesh),Sentinel2,2025,"{""type"":""MultiPoint"",""coordinates"":[]}"
1_1_1_116,0.4636579108922183,2025-09-15,9,Sentinel2_SR_Harmonized_10m,MTF_Kedarnath,Montane Temperate | Kedarnath WS - Oak Belt (Uttarakhand),Sentinel2,2025,"{""type"":""MultiPoint"",""coordinates"":[]}"
2_117,0.7481500482210429,2025-10-15,10,Sentinel2_SR_Harmonized_10m,MNG_Bhitarkanika,Mangrove | Bhitarkanika NP (Odisha),Sentinel2,2025,"{""type"":""MultiPoint"",""coordinates"":[]}"
1_2_117,0.30181132010722456,2025-10-15,10,Sentinel2_SR_Harmonized_10m,MNG_Sundarbans,Mangrove | Sundarbans - Sajnekhali (West Bengal),Sentinel2,2025,"{""type"":""MultiPoint"",""coordinates"":[]}"
1_1_2_117,0.24325809330259113,2025-10-15,10,Sentinel2_SR_Harmonized_10m,MTF_GreatHimal,Montane Temperate | Great Himalayan NP (Himachal Pradesh),Sentinel2,2025,"{""type"":""MultiPoint"",""coordinates"":[]}"
1_1_1_117,0.3636621940259003,2025-10-15,10,Sentinel2_SR_Harmonized_10m,MTF_Kedarnath,Montane Temperate | Kedarnath WS - Oak Belt (Uttarakhand),Sentinel2,2025,"{""type"":""MultiPoint"",""coordinates"":[]}"
2_118,0.8326084881434677,2025-11-15,11,Sentinel2_SR_Harmonized_10m,MNG_Bhitarkanika,Mangrove | Bhitarkanika NP (Odisha),Sentinel2,2025,"{""type"":""MultiPoint"",""coordinates"":[]}"
1_2_118,0.24489062299488373,2025-11-15,11,Sentinel2_SR_Harmonized_10m,MNG_Sundarbans,Mangrove | Sundarbans - Sajnekhali (West Bengal),Sentinel2,2025,"{""type"":""MultiPoint"",""coordinates"":[]}"
1_1_2_118,0.22036247473041554,2025-11-15,11,Sentinel2_SR_Harmonized_10m,MTF_GreatHimal,Montane Temperate | Great Himalayan NP (Himachal Pradesh),Sentinel2,2025,"{""type"":""MultiPoint"",""coordinates"":[]}"
1_1_1_118,0.26003720323253315,2025-11-15,11,Sentinel2_SR_Harmonized_10m,MTF_Kedarnath,Montane Temperate | Kedarnath WS - Oak Belt (Uttarakhand),Sentinel2,2025,"{""type"":""MultiPoint"",""coordinates"":[]}"
2_119,0.5183054723159581,2025-12-15,12,Sentinel2_SR_Harmonized_10m,MNG_Bhitarkanika,Mangrove | Bhitarkanika NP (Odisha),Sentinel2,2025,"{""type"":""MultiPoint"",""coordinates"":[]}"
1_2_119,0.236743430646266,2025-12-15,12,Sentinel2_SR_Harmonized_10m,MNG_Sundarbans,Mangrove | Sundarbans - Sajnekhali (West Bengal),Sentinel2,2025,"{""type"":""MultiPoint"",""coordinates"":[]}"
1_1_2_119,0.1988664711538525,2025-12-15,12,Sentinel2_SR_Harmonized_10m,MTF_GreatHimal,Montane Temperate | Great Himalayan NP (Himachal Pradesh),Sentinel2,2025,"{""type"":""MultiPoint"",""coordinates"":[]}"
1_1_1_119,0.2415723121364192,2025-12-15,12,Sentinel2_SR_Harmonized_10m,MTF_Kedarnath,Montane Temperate | Kedarnath WS - Oak Belt (Uttarakhand),Sentinel2,2025,"{""type"":""MultiPoint"",""coordinates"":[]}"
